Id,Name
1,Abimegender
2,Absorgender
3,Adamasgender
4,Adeptogender
5,Aerogender
6,Aesthetgender
7,Aethergender
8,Affectugender
9,Agender
10,Agenderfluid
11,Agenderflux
12,Alexigender
13,Aliusgender
14,Ambigender
15,Amaregender
16,Ambonec
17,Amicagender
18,Amogender
19,Amorgender
20,Androgyne
21,Anesigender
22,Angeligender
23,Angenital
24,Anogender
25,Anongender
26,Antegender
27,Antigender
28,Anxiegender
29,Anvisgender
30,Apagender
31,Apconsugender
32,Apogender
33,Apollogender
34,Aporagender
35,Aptugender
36,Aquarigender
37,Archaigender
38,Arifluid
39,Arigender
40,Arithmagender
41,Argogender
42,Astergender
43,Astralgender
44,Atmosgender
45,Autigender
46,Autogender
47,Axigender
48,Batgender
49,Bigender
50,Bigenderfluid
51,Biogender
52,Blizzgender
53,Boggender
54,Bordergender
55,Borderfluid
56,Boyflux
57,Brevigender
58,Burstgender
59,Cadensgender
60,Cadogender
61,Caedogender
62,Caelgender
63,Cancegende
64,Canisgender
65,Caprigender
66,Carmigender
67,Cassflux
68,Cassgender
69,Caveagender
70,Cavusgender
71,Cendgender
72,Cennedgender
73,Ceterofluid
74,Ceterogender
75,Chaosgender
76,Cheiragender
77,Circgender
78,Cloudgender
79,Cocoongender
80,Cogitofluid
81,Cogitogender
82,Coigender
83,Collgender
84,Colorgender
85,Comgender
86,Commogender
87,Condigender
88,Contigender
89,Corugender
90,Cosmicgender
91,Cryptogender
92,Crystagender
93,Cyclogender
94,Daimogender
95,Deaboy
96,Delphigender
97,Demifluid
98,flux
99,Demigender
100,Digigender
101,Diurnalgender
102,Domgender
103,Drakefluid
104,Dryagender
105,Dulcigender
106,Duragender
107,Eafluid
108,Earthgender
109,Egender
110,Ectogender
111,Effreu
112,Egogender
113,Ekragender
114,Eldrigender
115,Elegender
116,Elementgender
117,Elissogender
118,Enbyfluid
119,Endogender
120,Energender
121,Entheogender
122,Entrogender
123,Equigender
124,Espigender
125,Evaisgender
126,Exgender
127,Exiccogender
128,Existigender
129,ExpecgenderExplorogender
130,Faegender
131,Fascigender
132,Faunagender
133,Fawngender
134,Felisgender
135,Femfluid
136,Femgender
137,Firegender
138,Fissgender
139,Flirtgender
140,Flowergender
141,Fluidflux
142,Foggender
143,Frostgender
144,Fuzzgender
145,Gemelgender
146,Gemigender
147,Geminigender
148,Genderale
149,Genderamas
150,Genderblank
151,Genderblur
152,Gendercosm
153,Genderdormant
154,Gendereaux
155,Genderflora
156,Genderflight
157,Genderflow
158,Genderfluid
159,Genderflux
160,Genderfuzz
161,Gendermaverick
162,Gendernegative
163,GenderNeutral
164,Genderplasma
165,Genderpositive
166,Genderpunk
167,Genderqueer
168,Gendersea
169,Genderstrange
170,Gendervague
171,Gendervex
172,Gendervoid
173,Genderwitched
174,Gendfleur
175,Girlflux
176,Glassgender
177,Glimragender
178,Glitchgender
179,Gossagender
180,Greengender
181,Greygender
182,Gyraboy
183,Gyragender
184,Gyragirl
185,Healegender
186,Heliogender
187,Hemigender
188,Horogender
189,Hydrogender
190,Hypogender
191,Illusogender
192,Impediogender
193,Imperigender
194,Inersgender
195,Intergender
196,Invisigender
197,Iragender
198,Jupitergender
199,Juxera
200,Kingender
201,Kynigender
202,Lamingender
203,Leogender
204,Lethargender
205,Leukogender
206,Levigender
207,Liberique
208,Libragender
209,Librafluid
210,Lichtgender
211,Lipsigender
212,Locugender
213,Lovegender
214,Ludogender
215,Lysigender
216,Magigender
217,Maringender
218,Marfluid
219,Mascfluid
220,Mascugender
221,Maverique
222,Medeigender
223,Melogender
224,Mirrorgender
225,Molligender
226,Moongender
227,Mosaigender
228,Musicgender
229,Mutaregender
230,Mutogender
231,Mystigender
232,Nanogender
233,Narkissigender
234,Necrogender
235,Nesciogender
236,Neurogender
237,Neutrois
238,Nobifluid
239,Nocturnalgender
240,Nonbinary
241,Novigender
242,Nubilagender
243,Nullgender
244,Nyctogender
245,Obruogender
246,Offgender
247,Omnigay
248,Orbgender
249,Owlgender
250,Paragender
251,Pendogender
252,Perigender
253,Perogender
254,Personagender
255,Perospike
256,Pictogender
257,Pixelgender
258,Polygender
259,Polygenderflux
260,Portiogender
261,Praegender
262,Preciogender
263,Preterbinary
264,Primusgender
265,Privagender
266,Proxvir
267,Quivergender
268,Quoigender
269,Salugender
270,Schrodigender
271,Scorigender
272,Scorpifluid
273,Scorpigender
274,Seagender
275,Selenogender
276,Sequigender
277,Shellgender
278,Skygender
279,read
280,Spesgender
281,Spikegender
282,Stargender
283,Staticgender
284,Stratogender
285,Subgender
286,Subfluid
287,Surgender
288,Swampgender
289,Sychnogender
290,Systemfluid
291,Systemgender
292,Tachigender
293,Tangender
294,Tauragender
295,Technogender
296,Telegender
297,Tempgender
298,Temporagender
299,Tenuigender
300,Tragender
301,Traumatgender
302,Trigender
303,Turbogender
304,Ungender
305,Vaguefluid
306,Vagueflux
307,Vaguegender
308,Vapogender
309,Vectorgender
310,Veloxigender
311,Venngender
312,Venufluid
313,Verangender
314,Vestigender
315,Vibragender
316,changes
317,Videgender
318,Videogender
319,Virgender
320,Vocigender
321,Voidfluid
322,Voidgender
323,Witchgender
324,Xenogender
325,Xirl
326,Xoy
327,Xumgender
328,Zodiacgender
