title,year,lenght,sinopsis,description,Country_Id,Director_Id
SRT,1750,4:36 AM,Fedora,seize holistic users,66451,65752
LPS Desktop,1959,4:01 AM,IFW,repurpose world-class applications,25323,30084
NS-2,1876,2:07 AM,Fashion Photography,empower transparent experiences,34870,13332
Uveitis,1895,2:32 AM,SSL,redefine bleeding-edge interfaces,93945,96242
Multi-color Flow Cytometry,1643,3:07 AM,FM/2,exploit wireless action-items,44867,58334
Counseling Psychology,1720,3:57 AM,HP Service Manager,mesh frictionless markets,26468,87308
Ember.js,1824,2:27 AM,Graphic Illustrations,architect robust solutions,33661,68416
Swim Instruction,1688,4:51 AM,Nielsen Data,transition 24/7 users,49712,69618
Wastewater Treatment,1664,3:57 AM,QPS,envisioneer magnetic action-items,80126,52033
CI,1655,1:11 AM,E-commerce,synthesize web-enabled experiences,4371,14506
Window Displays,1505,3:41 AM,Solution Selling,redefine transparent portals,71565,14528
Ektron,1921,3:11 AM,Job Costing,expedite open-source solutions,93059,17709
Aluminum,1844,4:53 AM,Diagnostic Ultrasound,transition e-business infrastructures,38223,92253
E-on Vue,1774,4:10 AM,BDD,strategize B2C ROI,14391,70881
Rhetoric,1890,1:51 AM,OOH,maximize open-source e-business,10446,27758
Alternative Energy,1827,4:17 AM,Family Medicine,monetize 24/7 infrastructures,66346,29763
Photoshop,1539,3:54 AM,BPT,matrix distributed niches,13584,63878
High Availability,1952,1:42 AM,Guest Lecturing,enable robust supply-chains,73984,89283
Blackberry,1982,2:13 AM,BMP,implement impactful initiatives,69722,69272
E-commerce,1632,1:53 AM,Rail,utilize viral applications,23620,33350
HBDI,2016,1:03 AM,European Computer Driving Licence,e-enable real-time content,22866,5696
CSCP,1688,4:13 AM,Yard Signs,monetize interactive architectures,93569,44511
Play by Play,1777,4:08 AM,SQL PL,implement 24/7 networks,86457,80358
Robotics,1762,1:08 AM,EE4,incentivize efficient infomediaries,88202,60919
5 Why,1844,2:05 AM,Wills,reintermediate next-generation infomediaries,29096,37306
Capacity Utilization,1744,3:37 AM,Wireframes,enable distributed vortals,80287,79345
Wufoo,1676,4:05 AM,IGCC,enhance bleeding-edge functionalities,10318,2868
Avid Newscutter,1631,3:57 AM,Sage 300 ERP,engineer impactful bandwidth,22871,69025
FCC License,1565,3:56 AM,LPT,innovate efficient paradigms,21101,46291
VSAT,1755,3:54 AM,ITIL,orchestrate real-time content,93564,81502
Data Collection,1551,3:36 AM,SSRS,incentivize leading-edge solutions,52832,96657
Jetty,1974,4:28 AM,GIS Application,extend collaborative functionalities,10529,66451
HSI,1553,3:34 AM,LSO,implement synergistic ROI,15497,45274
TV Production,1747,2:19 AM,Award Ceremonies,transition proactive platforms,42297,46696
Home Staging,1595,1:04 AM,PCM,deliver out-of-the-box methodologies,75148,11915
Career Development,2016,1:10 AM,iWork,recontextualize user-centric e-markets,29659,74638
HSE auditing,1955,1:19 AM,Road Safety,whiteboard integrated content,12020,44926
XSD,1937,3:26 AM,LS-DYNA,expedite 24/365 bandwidth,88750,4019
Pinterest,1668,3:42 AM,Applicant Tracking Systems,recontextualize B2C web services,44336,97841
Gifted Education,1625,2:14 AM,UV/Vis,integrate bleeding-edge web-readiness,18574,71932
What-if Analysis,1736,1:50 AM,Ffmpeg,disintermediate cross-media technologies,79177,54522
Teaching Writing,1893,2:09 AM,Ektron Content Management System,innovate customized web-readiness,73444,86301
InfoComm CTS,1718,2:58 AM,FSMS,reintermediate plug-and-play e-commerce,46249,44986
RCM,1840,1:01 AM,Gmail,generate customized experiences,88729,37262
Resume Writing,1706,1:37 AM,Public Speaking,matrix efficient niches,12777,7566
Axis,1616,3:55 AM,Management by Objectives,implement vertical bandwidth,79465,56261
ISO 9001,1779,3:52 AM,User Acceptance Testing,target strategic deliverables,12576,51493
Working Capital Management,1919,1:43 AM,VHF,cultivate bricks-and-clicks models,83780,26710
CSRs,1724,4:27 AM,Commercial Property Owners,reintermediate viral communities,88304,16053
Microsoft Project,1647,1:54 AM,MyEclipse,harness one-to-one niches,100454,62844
LPS Desktop,1658,2:18 AM,Voice Acting,engage synergistic synergies,40223,63879
Credit Unions,1893,2:35 AM,Scanning Electron Microscopy,iterate dot-com interfaces,94865,88280
Medical Devices,1936,1:28 AM,Ab Initio,revolutionize intuitive paradigms,57621,7009
OECD,1809,2:43 AM,Occupational Health,integrate interactive e-commerce,61890,48846
SFTP,1959,4:06 AM,OmniPlan,generate 24/365 e-tailers,15609,54137
SSAS 2008,1644,2:16 AM,OSGi,e-enable web-enabled channels,19635,80761
RCS Master Control,1803,3:02 AM,Construction Management,mesh enterprise functionalities,88878,7462
C-TPAT,1540,4:27 AM,Human Resources,redefine bleeding-edge partnerships,39889,73205
FDT,1523,4:02 AM,PPV,whiteboard end-to-end platforms,12668,64831
Lua,1570,2:49 AM,EEG,iterate B2C functionalities,57908,27810
SSH Client,1619,1:52 AM,Variable Data Printing,grow robust convergence,19154,26923
Aerospace Medicine,1870,3:44 AM,OHSAS 18001,strategize frictionless models,68538,36034
Temporary Placement,1754,4:31 AM,JTA,enable cross-platform applications,43862,3009
FMOD,1511,4:03 AM,ISO 14971,empower compelling users,28120,43821
CDM,1550,2:06 AM,Environmental Management Systems,extend next-generation experiences,71434,69824
VMware Server,1928,3:39 AM,FPGA prototyping,recontextualize viral paradigms,97607,42274
Flight Planning,2018,3:54 AM,DDR3,innovate robust interfaces,33688,85464
Healthcare Information Technology,1924,3:52 AM,Norton Utilities,orchestrate 24/7 infrastructures,62242,56369
Wyse,1858,3:35 AM,BOSIET,deliver distributed interfaces,89825,98188
LPCVD,1923,1:28 AM,Business Overhead Expense,innovate proactive bandwidth,81335,16997
Natural Language Processing,1745,1:36 AM,Nanotechnology,recontextualize back-end deliverables,77347,70500
PMP,1864,2:19 AM,Rural Marketing,transform back-end e-business,49762,94549
NCBI,1986,3:25 AM,Hyperion,e-enable enterprise e-commerce,65935,18351
NLS,1547,4:07 AM,Helicopters,extend end-to-end paradigms,65039,71425
VCL,1851,1:41 AM,Tenacious Work Ethic,synergize innovative infomediaries,64762,70100
IT Infrastructure Management,1927,1:36 AM,Virtual PC,evolve efficient applications,10081,96235
CAESAR II,1976,3:53 AM,BTEQ,synthesize dynamic relationships,69429,81822
Japanese Language Proficiency Test,1941,2:38 AM,Ember.js,syndicate global schemas,76176,93105
QuickBooks,2006,4:23 AM,Database Administration,harness B2B web services,94279,92142
Business Intelligence Tools,1627,4:08 AM,HSS,enable sticky supply-chains,97749,11550
UCINET,1981,3:48 AM,Epi Info,incubate B2C web services,8584,33006
FW,1883,1:08 AM,FM,streamline frictionless infrastructures,21093,27403
Design Thinking,1845,3:26 AM,Hyperion,monetize magnetic e-commerce,76162,84355
CP,1975,1:32 AM,DFSS Green Belt,drive granular e-markets,22550,11110
Utilities Management,1631,4:51 AM,EKG,monetize enterprise content,42716,39646
Culture Change,1776,3:53 AM,Testing,maximize cross-media solutions,88663,96671
SBEM,1991,3:46 AM,HP Procurve,revolutionize best-of-breed ROI,92603,42607
Performance Tuning,1896,3:07 AM,Therapists,monetize compelling methodologies,68624,24976
Cardiac Rhythm Management,1949,4:25 AM,NDC,engineer out-of-the-box methodologies,99046,82265
Yiddish,1520,1:00 AM,Windows 7,deliver integrated markets,95695,47956
Website Updating,2018,4:54 AM,Data Entry,engineer clicks-and-mortar portals,99618,83715
SSH,1615,1:56 AM,Qbasic,exploit e-business ROI,44567,43693
Gemba Kaizen,1944,2:21 AM,TPM,monetize next-generation web services,76209,98614
Aerial Photography,1690,3:42 AM,Yacht Deliveries,deliver revolutionary solutions,48211,80816
Flyers,1677,3:33 AM,Continuous Improvement,evolve compelling solutions,71520,74536
Marketing,1550,2:44 AM,Gas,e-enable world-class solutions,22316,98212
McKesson STAR,1921,1:14 AM,Aircraft,morph cutting-edge eyeballs,88414,49236
GVP,1618,2:51 AM,Private Events,unleash seamless e-services,89220,81532
Site Plans,1848,4:49 AM,Lytec,brand cutting-edge paradigms,55706,31745
CT Summation,1934,3:16 AM,JCE,expedite wireless experiences,75513,30497
Flexo,1868,4:56 AM,Semantic HTML,cultivate cross-platform applications,53870,76881
Affirmative Action,1900,1:30 AM,Xen,generate sexy models,43473,70463
Industrial Ethernet,1741,3:39 AM,Nuke,optimize integrated vortals,14081,75923
CNC Machine,1924,1:09 AM,OOH,brand holistic architectures,68210,25080
Newspapers,1687,2:47 AM,Drafting Agreements,empower proactive web services,9534,76422
Gnuplot,1570,3:07 AM,Ducting,drive impactful content,22120,75932
Athletics,1781,2:30 AM,Ruby,extend open-source schemas,18332,75534
MDA,1505,1:35 AM,Scrum,drive customized action-items,95205,72364
Footwear,1646,1:01 AM,Clinical Research,monetize visionary metrics,77443,14964
Navigation,1531,4:44 AM,UDDI,utilize turn-key applications,64866,86865
News Writing,1603,1:53 AM,BMP,synthesize out-of-the-box solutions,62804,15392
Hotels,1798,3:52 AM,VOD,harness customized niches,64276,33265
NICE Call Recording,1728,1:09 AM,JAX-RPC,seize sticky convergence,25921,57768
Post Production,1621,2:41 AM,McAfee,harness innovative web-readiness,17002,7130
IBM BPM,1540,3:01 AM,Ethernet over SDH,engineer bleeding-edge mindshare,96394,61272
IBS,1852,4:36 AM,Irrigation,scale distributed supply-chains,31912,82598
LLU,1675,1:17 AM,IAD,facilitate scalable communities,50637,36330
Project Oversight,1940,3:51 AM,Broadcast,recontextualize seamless solutions,24369,975
Strategic Sourcing,1848,4:55 AM,Wellness,implement mission-critical supply-chains,33372,63472
Usability Engineering,1540,4:38 AM,IVD,scale impactful supply-chains,81809,69001
Kickstart,1699,1:10 AM,Toyota Production System,harness seamless e-commerce,56315,49563
Kaledo,1995,4:58 AM,Market Knowledge,exploit world-class niches,89799,48711
Industrial Hygiene,1766,4:31 AM,DLPAR,harness transparent channels,53361,78472
QAM,1807,1:22 AM,QSE,deliver user-centric synergies,12173,28328
User Experience Design,1708,1:09 AM,Numerical Analysis,synergize holistic interfaces,70844,50155
HTTPWatch,1912,4:51 AM,Group Work,aggregate cross-media functionalities,54287,11066
FWSM,1758,1:30 AM,CWSP,synthesize value-added web-readiness,84754,70039
Eye Treatments,1764,1:01 AM,NDMP,maximize front-end methodologies,54039,28579
Whitewater Kayaking,1709,4:08 AM,OS/400,streamline efficient vortals,23740,11271
MS Reporting Services,1640,3:09 AM,CgFX,evolve distributed relationships,62327,69360
Market Risk,1752,2:22 AM,Numerical Simulation,mesh scalable infrastructures,88650,58857
OID,1633,2:00 AM,Knowledge Sharing,incubate bricks-and-clicks web-readiness,94531,51311
Document Drafting,1725,1:15 AM,OEL,seize interactive supply-chains,89863,70649
Groundwater,1773,1:20 AM,AOD,reintermediate dynamic schemas,14092,96778
Juggling,1702,3:11 AM,IASO,orchestrate e-business relationships,63832,66110
Economics,1838,1:22 AM,SketchUp,engineer end-to-end e-commerce,71159,76871
Sports Injuries,1979,1:48 AM,KCS,enable best-of-breed portals,25320,34550
Guest Service Management,1691,3:53 AM,global HCM,drive killer portals,48853,81293
Member of IEEE,1635,1:44 AM,Partner Management,productize enterprise supply-chains,33838,12822
Ion Channels,1945,4:41 AM,Commercial Aviation,empower bricks-and-clicks niches,51348,5573
DTH,1849,2:41 AM,Electricity,whiteboard extensible experiences,40098,4055
Supplier Evaluation,1962,4:16 AM,Product Management,generate wireless ROI,92109,78164
Jetty,1821,3:54 AM,DHCPv6,expedite interactive bandwidth,83448,64966
Utilization,1906,2:23 AM,HP EVA,optimize cross-media channels,78658,31917
Tortoise SVN,1775,2:59 AM,eBanking,e-enable real-time e-tailers,71461,73847
DBU,1597,2:58 AM,SFDC,exploit viral bandwidth,25011,31092
Finance,1707,2:33 AM,Private Piloting,implement viral bandwidth,61964,51287
Early Childhood Development,1957,1:04 AM,HLASM,recontextualize open-source paradigms,56700,16387
Software Documentation,1885,4:57 AM,Background Checks,enhance value-added markets,68548,43431
HDCAM,1603,2:33 AM,Highways,implement holistic interfaces,44793,85383
WC,1595,1:33 AM,Tcpdump,expedite best-of-breed synergies,90357,66902
EWS,1791,4:40 AM,Construction Management,iterate holistic interfaces,6247,82685
Registered Nurses,1764,1:44 AM,Branch Banking,evolve cutting-edge infrastructures,73430,66450
Equities,1764,3:14 AM,American Politics,monetize e-business functionalities,20711,26704
eEmpact,1902,3:26 AM,Acute Care,streamline visionary action-items,93333,98798
PgSQL,1710,4:21 AM,DTS,transform open-source ROI,4020,72717
RTF,1541,3:56 AM,SDA,grow granular vortals,37568,87274
Overseeing Projects,1790,1:01 AM,TDC3000,integrate sticky convergence,50311,36137
NT 4.0,1925,3:20 AM,Human Rights,productize open-source architectures,60151,9014
Estimates,1621,3:14 AM,iOS Development,mesh out-of-the-box schemas,18100,52875
Yard Signs,1926,2:40 AM,Utility Mapping,extend integrated channels,68531,62740
Print On Demand,1709,1:18 AM,TMMi,drive viral web services,93883,48692
Group Policy,1959,2:11 AM,GT-Power,syndicate synergistic infrastructures,9538,23577
QC 9.2,1717,3:43 AM,IC,seize proactive deliverables,60140,14242
First Year Experience,1622,2:28 AM,XDoclet,repurpose customized architectures,79446,53510
Oracle,1926,3:14 AM,Atmel AVR,empower leading-edge niches,92088,2743
Front-end,1982,4:51 AM,OLAP Cube Studio,embrace cutting-edge technologies,19540,7154
iPad Development,1559,1:44 AM,CFRA,syndicate proactive infrastructures,98992,88214
VAS,1697,2:06 AM,RFQ,architect bricks-and-clicks eyeballs,100204,58785
Business Valuation,1862,1:07 AM,LTD,architect bricks-and-clicks networks,55319,36066
Object Oriented Modeling,1687,4:23 AM,OCP,repurpose strategic platforms,23915,87315
Mixed-Signal IC Design,1758,3:02 AM,MQL,architect wireless technologies,79187,30681
RRSP,1814,1:58 AM,Karaoke,transition frictionless ROI,40396,3928
PCR,1569,1:39 AM,Zone Alarm,optimize front-end models,47925,74852
IACUC,1512,3:32 AM,Microsoft Dynamics NAV,strategize cross-platform mindshare,84587,40145
Pygame,1877,3:51 AM,Time &amp; Attendance,recontextualize back-end solutions,23495,80427
DBWorks,1582,3:58 AM,Application Architecture,e-enable wireless interfaces,5667,61489
Visual Arts,1512,2:30 AM,SSOP,matrix extensible relationships,76312,27665
CISSP,1805,2:31 AM,International Economics,brand impactful e-commerce,23914,43540
Emerging Markets,1915,1:39 AM,Oil &amp; Gas,enable revolutionary ROI,89232,58378
Ice Cream,1661,2:25 AM,WiMAX,revolutionize frictionless schemas,38123,64218
Lung,1977,2:30 AM,HBSS,enhance killer synergies,44690,30857
Police,1920,1:26 AM,Flight Safety,synthesize revolutionary methodologies,93329,67512
Core FTP,1655,2:54 AM,Yield,enhance one-to-one technologies,50790,73371
IT Operations,1558,2:14 AM,HTFS,whiteboard value-added web services,3948,88127
RCS Selector,1587,2:39 AM,Style Guides,maximize B2B web-readiness,88425,77454
Unix,1712,1:51 AM,Wind,disintermediate web-enabled e-commerce,18582,28385
Guided Reading,1946,1:04 AM,English,engineer visionary systems,77194,65783
Feasibility Studies,1936,4:33 AM,PMD,brand next-generation e-markets,95799,56874
BPO,1909,1:06 AM,Self-esteem,reinvent value-added networks,71387,95576
AOD,1737,3:31 AM,Economics,mesh holistic bandwidth,82610,88845
Talent Booking,1681,3:25 AM,Clinical Nutrition,enhance efficient infrastructures,22489,45715
BJT,1799,4:08 AM,XMind,deploy compelling eyeballs,49863,79463
Indoor Air Quality,1848,3:47 AM,RC Detailing,transition efficient convergence,60942,37485
MMORPG,1894,4:20 AM,IASO,streamline holistic niches,46407,62415
HP Servers,1701,4:58 AM,Up-selling,deploy back-end content,19631,12670
Circuit Design,1694,1:38 AM,HMI Programming,benchmark transparent communities,99178,54262
LabWindows/CVI,1975,3:19 AM,DC-9,morph wireless e-business,9862,91248
Marketing,1990,4:24 AM,Rapid Prototyping,empower transparent partnerships,82502,26635
Sustainable Development,1522,4:16 AM,Dubbing,disintermediate B2C ROI,70495,81664
HMS,1540,2:45 AM,RFID Applications,syndicate best-of-breed e-business,22314,14736
Slideshare,1629,3:30 AM,Alarm Systems,enable B2C e-commerce,96695,54194
Quality Control,1918,4:25 AM,Guest Lecturing,reinvent magnetic e-commerce,56106,11391
Nokia Qt,1502,3:33 AM,Kosher,innovate out-of-the-box markets,30307,72947
Lync,1503,3:46 AM,Local Government,incubate sexy metrics,38311,57742
WS,1685,4:27 AM,Career Development,integrate robust platforms,60447,13205
VLSM,1986,1:52 AM,DDM,facilitate holistic e-services,43551,21381
Go-to-market Strategy,1817,1:55 AM,TL9000,unleash killer initiatives,93572,77619
First Year Experience,1567,3:30 AM,Star-CCM+,reinvent interactive synergies,49410,72869
Global Delivery,1792,3:17 AM,Market Analysis,redefine sexy channels,62842,46402
Know-how,1976,3:06 AM,PCS7,facilitate innovative web-readiness,31403,42152
Aerial Lifts,1547,4:17 AM,Network Design,generate cutting-edge infrastructures,18792,86454
Testing,1902,3:07 AM,10 Key,implement compelling interfaces,2018,26329
CTI,1593,4:38 AM,Global Custody,grow sticky e-services,75124,41703
Maritime Operations,1571,2:20 AM,Professional Services,synergize turn-key synergies,92556,25978
PPP,1760,4:58 AM,PCS7,reintermediate transparent vortals,56154,42637
WBTs,1720,3:53 AM,NDM,extend e-business e-tailers,47273,11125
IVIG,1574,2:06 AM,IBM Servers,transition next-generation initiatives,72437,21387
ALM,1629,3:17 AM,RS422,utilize virtual infomediaries,50370,95685
ETAP,1691,3:55 AM,IETF,repurpose frictionless users,47687,42608
Business Owner Planning,1755,1:25 AM,Process Piping Design,benchmark out-of-the-box functionalities,97691,81902
Dubbing,1780,1:12 AM,Online Advertising,architect turn-key functionalities,56269,28256
DVI,1850,3:44 AM,Site Plans,e-enable integrated e-business,15544,56701
MCH,1619,3:56 AM,Typewriter,maximize back-end experiences,35190,28672
GT Strudl,1876,2:20 AM,TBS,visualize 24/365 interfaces,52904,30242
Career Development,1969,1:09 AM,Litigation Support,optimize wireless channels,60123,86724
NMT,1784,3:06 AM,Employer Branding,transform mission-critical deliverables,77650,60841
Medicare,2006,1:49 AM,Occupational Therapy,drive customized portals,67805,89798
Requirements Analysis,1796,3:33 AM,Statistics,exploit cross-media channels,5648,32215
QMF,1670,4:01 AM,RPT,utilize strategic platforms,48033,30451
EEO Reporting,1951,1:41 AM,Data Quality,utilize open-source experiences,49840,16280
Kernel,1568,2:10 AM,Photoshop,implement mission-critical schemas,28144,93864
MMR,1894,2:13 AM,BPEL,optimize world-class networks,18814,44442
Legal Research,1604,3:44 AM,Fermentation,harness value-added e-markets,66998,27238
Cytogenetics,1857,3:57 AM,WLM,strategize bricks-and-clicks supply-chains,48864,95225
Igloo,1572,3:04 AM,Trading,drive enterprise communities,59904,37274
Vascular,1983,4:25 AM,Young People,synergize enterprise models,14272,71580
Merchandising,1885,1:13 AM,Ruby,deliver holistic e-markets,82131,55188
Data Migration,1576,1:53 AM,Screenwriting,e-enable B2C vortals,32427,2143
IEX Total View,1772,2:55 AM,IPv6,enable B2C convergence,52830,65864
vBulletin,1793,3:24 AM,Eyeliner,embrace sexy communities,5110,41337
IGRP,1698,3:08 AM,Mood Boards,scale dot-com niches,77264,62484
Clinical Psychology,1695,2:16 AM,DPF,target bleeding-edge markets,22336,62788
HTFS,1920,4:03 AM,IBS,productize collaborative communities,46132,41450
CNC Machine,1584,1:06 AM,Outcomes Research,drive granular users,41637,48464
Awesomeness,1756,4:25 AM,HCPCS,morph enterprise architectures,14437,63969
HSEQ,1862,2:31 AM,ProSystem fx Tax,unleash 24/365 systems,77614,97825
PDM,1675,2:32 AM,Non-fiction,disintermediate mission-critical schemas,81975,30417
XP Professional,1756,1:51 AM,DC Drives,harness compelling architectures,78075,81968
Real Estate Economics,1992,2:49 AM,Art History,benchmark best-of-breed action-items,234,57864
Organic Chemistry,1964,3:20 AM,SAP ERP,reintermediate distributed networks,33839,91049
Smart Metering,1811,3:45 AM,Ukrainian,matrix vertical schemas,22092,84609
HCS,1522,2:53 AM,Naval Architecture,harness cutting-edge e-business,75227,20084
Brand Development,1528,1:36 AM,FF&amp;E Specifications,whiteboard seamless niches,52518,98738
Pharmaceutical Industry,1808,4:06 AM,NSLDS,extend proactive convergence,23439,1578
VPLS,1937,3:49 AM,Sales Management,envisioneer customized action-items,18123,53952
Business Transformation,1847,2:51 AM,VO,evolve real-time initiatives,18469,60144
AHLTA,1759,3:34 AM,PLC Allen Bradley,enable magnetic platforms,11941,14110
Dell KACE,1635,4:35 AM,XForms,cultivate interactive e-services,32958,20106
Workplace Safety,1505,3:43 AM,DNA ligation,transform extensible initiatives,17380,94584
OMB Circular A-133,1571,4:53 AM,Slideshare,grow extensible bandwidth,79997,5577
PFP,1924,4:58 AM,BS7799,scale turn-key e-commerce,51008,14562
MVC,1518,2:10 AM,NT Backup,drive strategic users,27520,47206
Corona SDK,1826,4:46 AM,WLST,visualize killer content,1537,62133
Concept HDL,1796,2:59 AM,QALoad,empower frictionless eyeballs,7647,21787
Military,1691,4:39 AM,gSOAP,engineer global vortals,4098,8667
Type Rating,1734,2:09 AM,Bloomberg,enhance global e-services,92629,46257
Epi Info,1644,2:33 AM,PQRI,strategize clicks-and-mortar bandwidth,23011,52629
Biomass,1535,1:41 AM,XFOIL,matrix proactive infrastructures,100648,36684
Personnel Management,1588,2:42 AM,EIFS,orchestrate wireless partnerships,80532,98249
Financial Mgmt,1763,1:05 AM,Nightclub,recontextualize visionary markets,11213,69865
SQL PL,1502,1:32 AM,Xbox 360,utilize B2B niches,42160,11131
Accounts Receivable,1828,2:49 AM,ICH-GCP,recontextualize distributed methodologies,51830,16873
CTD,1690,2:13 AM,DDR,implement killer ROI,78880,89353
Outsourcing Management,1832,1:35 AM,Gas,reinvent interactive content,37953,67881
Torts,1653,3:48 AM,Agility,target customized methodologies,53351,78958
AHLTA,1890,1:16 AM,PDO,utilize sticky action-items,63485,29074
eCTD,1557,2:25 AM,Quality Assurance,morph bricks-and-clicks initiatives,4643,61587
SGSN,1932,3:44 AM,Land Use,whiteboard intuitive deliverables,21154,68103
RTL Design,1927,2:03 AM,McAfee,aggregate back-end systems,92841,87196
Global Sourcing,1939,3:18 AM,Norton Utilities,implement synergistic e-tailers,47595,7253
Interviews,1799,2:22 AM,Benefits Administration,enable bricks-and-clicks web services,83357,67554
TGI,1798,1:54 AM,MDI,seize leading-edge methodologies,8106,70125
VTR,1553,2:21 AM,Operating Systems,mesh user-centric e-business,46777,82933
JCA,1900,4:12 AM,Essbase,engage robust paradigms,18784,97284
Object Oriented Software,1941,4:24 AM,High Availability Clustering,recontextualize one-to-one web services,55212,87076
XPAC,1963,3:14 AM,Bit.ly,syndicate seamless paradigms,23612,45827
Small Business Marketing,1642,4:23 AM,VMware VTSP,reinvent next-generation e-business,50504,57853
Ufile,1564,4:08 AM,FHA Financing,enable virtual partnerships,79640,13181
Culture Change,1768,1:55 AM,Power Plants,whiteboard 24/7 methodologies,42799,64559
FI-AA,1798,4:38 AM,Bank Reconciliation,exploit leading-edge initiatives,68143,3869
Book Design,1686,4:24 AM,OMAP,redefine mission-critical solutions,89562,17694
XML,1876,4:31 AM,Igneous Petrology,disintermediate collaborative convergence,21239,13906
Floor Plans,1732,3:26 AM,CCU,deliver customized partnerships,28816,53992
LPI,1795,1:44 AM,Trimble GPS,visualize one-to-one ROI,15294,4142
Optical Tweezers,1858,3:48 AM,RMAN,orchestrate web-enabled e-commerce,52811,75321
Zotero,1899,4:25 AM,FDA,recontextualize enterprise paradigms,22881,64160
AKTA,1692,2:49 AM,WFL,monetize synergistic functionalities,10801,78655
ZPL,1618,4:48 AM,Manufacturing,transition turn-key vortals,33194,53288
Joint Military Operations,1541,2:27 AM,FPC 1,harness virtual infrastructures,3136,40735
Swing,1831,3:51 AM,Young People,empower out-of-the-box partnerships,72166,8603
JSLint,1727,2:34 AM,Construction Management,leverage wireless niches,81841,27876
Rhinoplasty,1655,2:57 AM,MLA,syndicate sexy relationships,8767,51526
BMX,1947,3:33 AM,Jin Shin Jyutsu,leverage turn-key content,5940,45786
CPG Industry,1863,4:10 AM,Gymnastics,incentivize global deliverables,4259,78178
IABP,1618,4:15 AM,z/OS,synthesize B2C e-commerce,44323,4783
RSpec,1917,3:33 AM,EOS,integrate 24/365 models,51490,45938
Sungard GMI,1949,3:01 AM,VGA,seize compelling niches,72483,85356
CVIS,1745,3:57 AM,HDCAM,synergize e-business bandwidth,16295,91955
cDNA,1530,2:22 AM,LLVM,iterate world-class solutions,42521,39580
Freelance Writing,1992,2:43 AM,Legal Assistance,engineer synergistic paradigms,88288,87476
BC/DR,1947,2:18 AM,Workshops,morph enterprise deliverables,64280,5452
Human Factors,1631,1:11 AM,System Deployment,seize web-enabled metrics,84796,78852
RDFS,1663,1:46 AM,DVI,orchestrate e-business bandwidth,29283,7744
VLS,1744,1:19 AM,QAM,benchmark e-business bandwidth,662,21044
SRM,1620,3:58 AM,Book Reviews,transform viral vortals,14130,85172
New Product Ideas,1788,4:03 AM,Spring Framework,engineer vertical e-markets,14737,5709
Alumni Relations,1692,1:06 AM,NATO,envisioneer extensible interfaces,90568,37423
Glassfish,1607,3:51 AM,Outlook Express,empower global deliverables,73258,10933
NDK,1666,1:57 AM,KnockoutJS,architect cutting-edge web services,90789,84313
EEPROM,1816,2:18 AM,TCF,mesh distributed relationships,12054,732
Animal Husbandry,1653,4:08 AM,Engineering Management,synergize viral relationships,37741,91476
Economic Policy,1595,2:47 AM,AJAX Frameworks,exploit visionary solutions,17554,55228
International Human Rights,1580,3:39 AM,Physical Security,synergize visionary technologies,9197,23280
AutoCAD Civil 3D,1521,4:46 AM,Quantity Surveying,syndicate ubiquitous synergies,68241,70123
Company Set-up,1813,1:29 AM,VHF,repurpose proactive action-items,71947,10038
Kofax,1862,2:34 AM,Psychological Assessment,synthesize clicks-and-mortar models,90413,33022
IBM Certified,1887,2:54 AM,GMC PrintNet T,reinvent cross-media communities,79330,97484
Zero Waste,1575,4:19 AM,Legal Documents,unleash 24/7 methodologies,90445,45632
SQL Server Management Studio,1733,3:42 AM,Critical Care,maximize plug-and-play technologies,39856,37216
Cisco Routers,1522,4:13 AM,Cisco MDS SAN switches,envisioneer sexy models,78732,77607
MXG,1659,4:25 AM,FP-C,evolve innovative initiatives,84734,92800
Heavy Equipment,1956,1:29 AM,CDO,productize wireless communities,79093,89547
Reality TV,1583,3:16 AM,Blackberry,expedite B2C convergence,10800,71002
Smarty,1547,1:51 AM,Troubleshooting,e-enable out-of-the-box convergence,84235,42852
Ntop,1982,3:14 AM,GTAW,unleash dot-com action-items,50854,24714
Plant Identification,1855,3:05 AM,Army,incentivize viral markets,91662,95753
Kaledo,1885,3:17 AM,VSAT,integrate leading-edge deliverables,24317,64541
Performing Arts,1701,3:26 AM,Public Policy,whiteboard web-enabled partnerships,88585,18204
Start-up Ventures,1629,4:46 AM,LP,iterate B2C synergies,86635,78188
Linux KVM,1659,2:08 AM,ASME,leverage intuitive e-services,53044,50907
Tissue Culture,1916,3:00 AM,Lynx,visualize sticky schemas,35247,796
JES2,1836,2:55 AM,Metro Ethernet,harness robust ROI,10274,89504
PCIe,1576,1:41 AM,LCSH,leverage transparent e-markets,76625,39582
Credit Unions,1616,3:09 AM,Warranty,drive frictionless web-readiness,76370,5368
Bash,1959,3:01 AM,JDE Enterprise One,synthesize killer networks,21073,56216
Attorneys,1593,4:05 AM,UAT Coordination,facilitate visionary content,93121,56756
Investment Banking,1534,3:10 AM,Snow Leopard,target B2C paradigms,33992,96749
PC building,1774,4:57 AM,MS Integration Services,unleash proactive web-readiness,7163,66858
Outcomes Research,1985,1:17 AM,Gigabit Ethernet,scale cross-platform architectures,87573,86626
Gifts,1844,2:50 AM,XMLBeans,deliver dynamic vortals,6352,29092
GNU Radio,1562,4:06 AM,VNA,benchmark front-end web services,61494,86524
Keratin Treatment,1773,3:29 AM,VLR,syndicate bleeding-edge e-services,65303,49194
UB92,1921,2:07 AM,EEO Reporting,enhance viral systems,71374,11707
Roth IRA,1919,3:08 AM,Quality Control,drive value-added e-commerce,41762,67884
Aerospace Medicine,1679,1:30 AM,Ayurveda,harness interactive e-markets,56387,33966
Kronos,1871,1:54 AM,Prototype.js,matrix wireless infrastructures,100050,33533
Ion Chromatography,1965,3:30 AM,Year-end Close,productize strategic convergence,96404,61887
Microsoft Dynamics ERP,1532,2:33 AM,IVD,facilitate plug-and-play synergies,67909,81696
LDP,1776,3:53 AM,FPC 1,transform user-centric experiences,62959,98720
LEED AP,1808,4:33 AM,JCAPS,maximize 24/365 networks,73035,60912
Mortgage Underwriting,1994,3:17 AM,NCBI,architect turn-key methodologies,65830,81680
OMAP,1785,2:12 AM,Medical Devices,e-enable interactive initiatives,2681,89754
PCI DSS,1763,4:16 AM,CVD,seize magnetic web services,295,60070
Food &amp; Beverage,1545,1:44 AM,Whole House Renovations,repurpose dynamic e-tailers,85445,22427
TV series,1912,4:04 AM,Ticketing,envisioneer leading-edge paradigms,21944,77384
Gstreamer,1920,4:45 AM,EOQ,enhance clicks-and-mortar markets,16049,54898
Knowledge Management,1991,1:39 AM,OGSYS,extend best-of-breed e-services,38316,82617
Kindergarten,1940,1:25 AM,Change Control,deploy efficient niches,83083,27186
MLSS,1508,1:25 AM,ETAP,deploy virtual interfaces,86281,59126
SSRS,1887,1:50 AM,Android,redefine efficient paradigms,76261,58394
IVIVC,1647,3:43 AM,Kompozer,transition holistic initiatives,57754,98897
VW,1890,1:04 AM,WS-Federation,maximize next-generation users,92265,58323
Customer Acquisition,1948,2:30 AM,WCAG,productize sexy infomediaries,60265,93443
FFA,1801,1:49 AM,Award Submissions,iterate impactful metrics,55925,22760
HR Software,1514,1:32 AM,NCS,drive distributed metrics,14728,18764
IEP,1968,4:46 AM,MFG-Pro,productize bleeding-edge technologies,25956,55936
SRM,1961,1:00 AM,Policy Writing,reintermediate cross-platform experiences,20188,47686
Basic HTML,1511,3:11 AM,VCO,deploy cross-media methodologies,88691,4138
XPS,1639,1:38 AM,Animal Husbandry,monetize bleeding-edge communities,9265,78515
Customs Regulations,1766,2:52 AM,TS2,orchestrate sexy action-items,79332,78367
Electrical Troubleshooting,1834,1:27 AM,Service Delivery,morph dynamic web services,63572,80196
Watercolor Illustration,1588,2:48 AM,Agronomy,enable value-added mindshare,73280,16783
Fermentation,1583,3:53 AM,Mysis,evolve one-to-one infrastructures,2387,42301
MXG,1808,4:31 AM,xPON,benchmark cross-platform technologies,72813,96850
JSON-RPC,1983,4:27 AM,SDS-PAGE,aggregate one-to-one vortals,83546,28698
XMind,1713,1:15 AM,Switches,repurpose proactive web services,8327,58556
eHealth,1848,4:55 AM,Active DoD Secret Clearance,exploit revolutionary methodologies,38111,91733
QA Engineering,1691,3:42 AM,UCCE,reinvent dynamic experiences,56913,67431
CMiC,1835,4:43 AM,E-Learning,reinvent proactive platforms,47315,74152
HL7,1519,4:18 AM,Customer Relations,extend collaborative supply-chains,50717,83374
HST,1695,3:02 AM,Corporate Governance,syndicate next-generation supply-chains,52614,70335
Xserve,1801,2:22 AM,VTAM,drive real-time supply-chains,32742,47800
ILOG,1655,2:42 AM,European Affairs,target ubiquitous networks,42775,60060
Fashion Buying,1872,1:01 AM,Test Driven Development,productize open-source e-markets,15431,28989
Situational Awareness,1595,2:15 AM,Townhomes,enable vertical applications,75113,81910
DDD,1941,3:30 AM,DX200,facilitate robust action-items,94925,63271
Creative Writing,1750,1:30 AM,IBM BPM,enable B2C e-markets,28182,66362
OOS,1721,1:06 AM,Hypertension,revolutionize out-of-the-box interfaces,85186,77538
Vacation,1640,4:43 AM,CPT,e-enable cross-media niches,35579,54068
DST,1797,1:33 AM,Wovens,seize cutting-edge applications,63355,70165
TFSA,1929,1:10 AM,User Research,harness viral e-services,16419,68277
Abstract Paintings,1997,3:45 AM,Visual Basic,e-enable cutting-edge partnerships,79947,46221
Budget Oversight,1874,1:07 AM,Typo3,expedite best-of-breed experiences,55986,25347
HDF5,1800,1:32 AM,Rheumatology,e-enable innovative initiatives,22337,31748
BC/DR,1730,1:30 AM,Outcomes Research,generate impactful e-commerce,25828,94019
Contract Negotiation,1813,2:38 AM,QCAT,integrate global action-items,90195,57880
Pharmaceutics,1783,4:08 AM,Patents,empower magnetic infomediaries,42563,81033
Hazardous Materials,1522,1:03 AM,RPR,disintermediate sticky ROI,82751,58724
Nylon,1550,4:12 AM,Project Management,cultivate leading-edge platforms,31041,90621
OSHA Certified,1782,1:28 AM,Directing Others,incubate extensible channels,38936,83974
Trimble GPS,1689,3:07 AM,CDM,optimize distributed convergence,14704,13382
VB.NET,1953,4:58 AM,Knowledge Discovery,generate magnetic convergence,20465,31949
User Experience Design,1664,2:13 AM,Gemba Kaizen,maximize global e-commerce,25056,90328
Nintex,1536,1:13 AM,Iptables,exploit mission-critical mindshare,68320,70911
Pharmaceutics,1570,3:38 AM,Nagios,revolutionize frictionless platforms,41473,27099
Xajax,1724,2:00 AM,XUL,visualize granular web-readiness,67513,53267
MLB,1805,1:13 AM,PLC Allen Bradley,enable collaborative platforms,18355,48574
DDIC,2015,2:40 AM,Credit Unions,maximize sticky vortals,32571,49213
FQHC,1948,1:53 AM,International NGOs,monetize virtual supply-chains,42115,78662
Tiles,1543,4:20 AM,PQRI,redefine global markets,30202,45138
Operating Systems,1562,4:36 AM,Klarity,incubate dynamic e-business,32351,66848
CCDA,2005,3:29 AM,Attorneys,reinvent ubiquitous deliverables,65228,50011
Spring Framework,1720,2:01 AM,Elementary Education,cultivate front-end bandwidth,35261,30798
RDMA,1954,4:54 AM,Audio Engineering,monetize clicks-and-mortar mindshare,41180,8171
Web Analytics,1589,3:49 AM,AutoCAD Civil 3D,scale interactive architectures,39661,39175
Process Engineering,1893,3:58 AM,IPTV,morph sexy synergies,59880,57261
WordPress,1735,4:08 AM,LPT,expedite global interfaces,65044,91982
Injection Molding,1535,4:07 AM,NGN,engage efficient e-commerce,35963,34832
BGA,1645,3:55 AM,ABAP-OO,revolutionize scalable functionalities,43932,10469
Jewelry Design,1890,4:42 AM,Tax Law,enable seamless partnerships,41229,27908
Employee Benefits,1871,3:59 AM,Planning,architect impactful content,91087,73731
EBITDA,1905,3:39 AM,Earthworks,innovate bricks-and-clicks paradigms,55974,85362
Xcart,1686,2:40 AM,VMware VTSP,integrate value-added ROI,43429,98845
Workforce Development,1620,4:30 AM,Essential Oils,synthesize rich bandwidth,21017,32763
TNCC Instruction,1836,1:28 AM,MSBuild,whiteboard bleeding-edge initiatives,90885,67697
PVTsim,1869,2:58 AM,MQSI,maximize rich architectures,6500,79365
TSO,1741,4:12 AM,XPAC,benchmark innovative e-services,23881,34056
Peer Tutoring,1536,4:26 AM,Award Submissions,generate magnetic technologies,99252,52127
Mineral Exploration,1551,2:49 AM,Change Management,unleash transparent infomediaries,31975,57052
Hotel Management,1726,4:57 AM,Hmong,mesh transparent eyeballs,67869,38990
RTM,1863,2:13 AM,Comic Book Illustration,envisioneer virtual infomediaries,36265,72023
Diagnostic Ultrasound,1893,3:00 AM,Alcohol Awareness,extend synergistic ROI,87348,81014
Gas Chromatography,1583,1:05 AM,HSEEP,integrate cross-platform e-business,36606,73147
Jeans,1802,1:10 AM,DHCPv6,monetize enterprise systems,43555,65873
VSE,1727,1:47 AM,Hyperion,transition bleeding-edge experiences,69171,69674
RF Engineering,1774,3:01 AM,Capital Markets,grow global paradigms,97124,14140
MV,1956,1:33 AM,QFD,streamline viral paradigms,87074,36785
Event Photography,1825,2:19 AM,JPOS,architect turn-key convergence,49956,60065
VxWorks,1870,1:07 AM,GTK,architect synergistic e-business,66703,18983
Egyptian Arabic,1668,1:24 AM,MVC Architecture,revolutionize 24/365 deliverables,67375,54132
xPression,1710,3:04 AM,Gas Turbines,orchestrate web-enabled initiatives,4363,8343
UK Immigration,1832,2:34 AM,DSLR,enable integrated networks,11157,91895
Portraits,1571,2:03 AM,PFI,drive cross-platform technologies,22310,28918
GSA Contracting,1659,1:34 AM,Vaccines,transition cutting-edge bandwidth,6213,76958
XDoclet,1732,1:18 AM,IPO,incubate next-generation channels,95485,11633
RBI,1779,3:02 AM,IEP,streamline proactive users,90249,11326
SAP PM Module,1642,1:36 AM,BPD,utilize robust e-tailers,32966,63285
SDL,1967,1:53 AM,Year-end Close,drive value-added interfaces,89875,37396
Oil &amp; Gas,1807,1:07 AM,CCNP,transform customized eyeballs,85007,27661
MCSA Security,1502,4:11 AM,Equity Valuation,implement compelling web services,81904,45901
GDS systems,1574,3:35 AM,zLinux,revolutionize magnetic portals,58953,75649
MMIS,1612,1:23 AM,BTS Installation,matrix integrated relationships,19683,57069
Xilinx ISE,1560,3:44 AM,PXI,unleash proactive portals,78440,17260
Sports Play-by-play,1646,1:06 AM,Angel LMS,deploy mission-critical channels,36270,14722
Illustration,1816,4:50 AM,Mining,optimize viral synergies,88256,76229
IT Service Delivery,1989,2:39 AM,Financial Planning,facilitate distributed paradigms,15771,7127
Disability Insurance,1538,2:20 AM,Aviation,expedite sticky solutions,89796,69193
Pthreads,1553,1:08 AM,Hodes IQ,implement leading-edge web services,36119,23381
QPSK,1709,4:15 AM,Negotiation,optimize real-time models,50034,55774
UFC,1797,3:56 AM,IABP,seize sexy functionalities,88025,63949
Supply Chain,1599,3:12 AM,Tax Research,exploit web-enabled web services,98928,9450
TSYS,1959,2:18 AM,VRF,orchestrate real-time methodologies,14542,94585
Appeals,1967,2:33 AM,Aquatic Toxicology,synergize frictionless infomediaries,11049,30484
Kundalini,1579,4:53 AM,CTRS,brand world-class platforms,28289,90147
IBM Servers,1637,4:01 AM,Brand Development,envisioneer extensible action-items,19953,92809
Typewriter,1903,1:43 AM,CTRM,optimize efficient e-commerce,69294,38055
Contract Management,1889,4:25 AM,Emergency Room,target dot-com initiatives,65692,97547
FCRA,1690,1:36 AM,Play Therapy,iterate vertical e-services,29615,98684
BMI,1979,1:15 AM,IEEE 802.3,benchmark real-time eyeballs,57168,96000
3D Visualization,1969,1:24 AM,CBT,whiteboard compelling bandwidth,59342,21307
Ufile,2009,1:46 AM,Hydrography,empower sexy markets,74035,17920
RCV,1501,1:28 AM,Slip &amp; Fall,grow 24/365 relationships,20204,79013
HGV,1856,2:47 AM,Hardware Diagnostics,whiteboard proactive portals,80744,14355
Sports Marketing,1816,2:09 AM,CA Unicenter NSM,extend magnetic methodologies,75131,70196
Wholesale Banking,1845,3:07 AM,AJAX Frameworks,repurpose front-end mindshare,90293,6290
Kenan FX,1898,1:06 AM,IED,exploit compelling initiatives,858,31032
Business Aviation,1938,4:08 AM,FP7,integrate ubiquitous e-tailers,26526,91965
Social Psychology,1962,4:42 AM,Music Industry,integrate scalable methodologies,87166,57371
XML Gateway,1703,2:39 AM,SIP Trunking,brand magnetic technologies,93113,40722
Zen Shiatsu,2006,3:12 AM,eGain,syndicate interactive systems,42467,56831
UB92,1762,2:09 AM,Historical Research,exploit front-end mindshare,7250,38148
Smarty,1551,2:08 AM,Aquaponics,syndicate out-of-the-box functionalities,49232,84378
GFAAS,1622,3:23 AM,OmniGraffle,scale efficient web-readiness,88440,89388
HP Blade,1569,3:39 AM,Logging,expedite seamless e-tailers,47673,38375
LSO,1758,3:30 AM,Investments,incubate global networks,100501,56239
ERDAS Imagine,1742,2:59 AM,HSSE,innovate enterprise networks,68381,80103
PFEMA,1887,2:26 AM,DFMA,reinvent strategic paradigms,98300,63446
Nuclear Engineering,1896,1:48 AM,NMLS,scale world-class e-services,29798,69365
WPF Development,1624,2:55 AM,Lync,incentivize distributed metrics,65554,62543
SX.enterprise,1659,4:39 AM,BMPs,productize cross-media paradigms,66259,93193
Iron Ore,1614,3:39 AM,NSN,enhance bricks-and-clicks niches,45598,74062
Biomedical Engineering,1854,1:56 AM,Zoology,implement user-centric methodologies,66066,5772
AQTESOLV,1992,3:29 AM,Windows NT,enable cross-media convergence,16505,45091
DVP&amp;R,1698,1:34 AM,Passionate about work,grow strategic e-business,77976,35256
Private Duty,1518,3:53 AM,Musical Theatre,embrace sexy systems,1930,26552
Nslookup,1710,4:44 AM,FCAPS,revolutionize B2B action-items,20551,83153
HR Management,1582,3:45 AM,Omron,innovate transparent networks,58007,97654
Ambulatory,1736,3:35 AM,Localization,transform front-end methodologies,83936,2101
Wireless,1507,2:52 AM,CMS,morph seamless bandwidth,22814,97353
Police,1920,2:13 AM,Phase II Subsurface Investigations,drive revolutionary e-markets,57201,68
MGCP,1788,1:12 AM,Film Festivals,monetize robust systems,13325,62366
LTL,1978,3:51 AM,TCP,scale end-to-end e-business,15643,9761
RP,1550,4:38 AM,HTML Help Workshop,utilize interactive platforms,47953,91603
eGain,1667,3:03 AM,TCAS,drive out-of-the-box e-commerce,18797,68823
MPages,1585,3:39 AM,ICT Governance,embrace integrated experiences,7350,3853
Jimmy Jib,1664,1:30 AM,Soft Skills,iterate holistic bandwidth,7526,60583
MPLS Networking,1886,2:45 AM,OSPF,syndicate innovative solutions,78255,30413
Sarbanes-Oxley Act,1533,3:35 AM,Irrigation,empower revolutionary e-commerce,70353,58380
Hearings,1989,2:54 AM,CNAS,recontextualize next-generation portals,99174,18130
CCDP,1603,1:19 AM,KnockoutJS,benchmark B2C infomediaries,56477,40115
McAfee,1638,2:54 AM,AKTA,productize robust e-services,14419,55819
RDMA,1989,2:32 AM,CQI,engineer web-enabled convergence,96346,57615
PXI,1933,4:21 AM,Patient Safety,morph magnetic interfaces,20903,78742
Submittals,1924,4:06 AM,Snacks,generate wireless content,27923,10179
FMV,1986,4:39 AM,Networking,utilize visionary e-business,29110,8947
AXE,2011,4:56 AM,Teeth Whitening,generate innovative e-business,53234,92365
HPLC,1632,1:59 AM,Production Efficiency,drive compelling interfaces,48831,60502
SLC500,1663,3:42 AM,System Architecture,benchmark end-to-end web-readiness,21652,25947
RP,2009,2:02 AM,Sales Process,mesh out-of-the-box relationships,46941,88891
Political Economy,2009,1:29 AM,FTPS,streamline extensible niches,85896,94363
PPP,1640,3:11 AM,ECDL Certification,integrate visionary initiatives,77790,64028
Rhino 3D,1819,3:55 AM,Eye Tracking,seize dynamic action-items,93745,7456
Web Content Management,1960,4:06 AM,Electricians,extend holistic architectures,79752,68716
Quality Patient Care,1725,2:40 AM,Time &amp; Attendance,visualize transparent platforms,2356,28291
Alternative Energy,1573,2:01 AM,PCI DSS,transform sexy paradigms,36477,512
Criminal Investigations,1627,2:54 AM,IFM,drive granular vortals,22175,81401
MPBN,1677,2:11 AM,Roth IRA,productize global networks,30055,64360
IAX,1957,1:46 AM,CFTC,streamline clicks-and-mortar relationships,23579,12544
Novels,1750,4:33 AM,MTBF,synergize sticky infomediaries,22114,74141
Kinetics,1711,1:18 AM,LDOM,mesh rich architectures,14679,42551
Legal Documents,1569,3:59 AM,Embedded Linux,productize real-time experiences,97408,25051
Enterprise Software,1897,3:55 AM,Agile Project Management,morph wireless infomediaries,26485,54172
DB2,1705,4:11 AM,ZK,aggregate clicks-and-mortar e-markets,51360,5162
USB,1685,1:18 AM,Umbrella Insurance,e-enable world-class synergies,84700,6833
GTP,1757,4:54 AM,XNA,syndicate 24/7 networks,76248,75709
European Union,1700,4:25 AM,AX 2009,e-enable sticky mindshare,14667,70580
Revenue Cycle,2014,2:03 AM,TKI,whiteboard magnetic synergies,89689,11273
Sickness Absence Management,1508,4:07 AM,SNP genotyping,harness 24/7 content,27313,2551
PIX,1844,2:06 AM,HMI Configuration,mesh sexy partnerships,49440,3464
International Business,1614,3:43 AM,FPSO,innovate granular deliverables,78284,31197
MPBN,1802,3:48 AM,BMC Portal,syndicate impactful e-tailers,85059,30849
Hand-drawn Typography,1631,3:55 AM,Jitter,deliver B2C portals,74119,89459
Quantitative Finance,1628,2:44 AM,Axys,embrace innovative metrics,100207,48574
VCI,1886,3:27 AM,UART,cultivate clicks-and-mortar portals,72674,50369
Typing,1731,4:11 AM,Editorial,envisioneer viral functionalities,1759,5466
RF Design,1787,3:07 AM,nCloth,revolutionize plug-and-play e-services,95846,3257
Office Management,1822,2:16 AM,Personal Training,disintermediate bricks-and-clicks web services,20900,81220
PL/SQL,1737,2:22 AM,VTune,recontextualize dynamic networks,24525,82258
LGBT Rights,1867,3:01 AM,QAQC,streamline world-class content,72396,88725
Ntop,1508,1:53 AM,Member of IEEE,reinvent virtual action-items,55751,9783
OA Framework,1809,4:28 AM,QoS,engineer proactive channels,72258,25826
Utility Construction,1521,1:04 AM,DxDesigner,exploit intuitive mindshare,39872,67688
Smartphones,1709,2:28 AM,Drilling Engineering,drive best-of-breed models,99028,87953
Outside Sales,1892,3:00 AM,UCP,engage best-of-breed communities,50226,20163
HSIA,1500,2:50 AM,RSView,leverage sexy initiatives,40531,69371
JDE CNC,1818,1:05 AM,Oasys,engineer distributed platforms,40992,93519
Zabbix,1647,1:12 AM,Leadership,scale magnetic deliverables,90472,6705
Rural Marketing,1806,2:05 AM,WPC,evolve customized e-markets,91309,54027
Smart Grid,1877,1:57 AM,CTMS,cultivate wireless web-readiness,30256,78444
TMW,1716,2:55 AM,Oenology,envisioneer leading-edge technologies,96785,36523
QC Tools,1735,2:06 AM,Graphic Illustrations,revolutionize B2C e-commerce,76268,97792
Avaya IP Telephony,1909,4:25 AM,Youth Development,integrate granular e-tailers,18543,93463
Odyssey,1559,1:49 AM,Banking,matrix web-enabled relationships,88255,67966
eBay,1810,1:34 AM,MLP,revolutionize strategic networks,3076,74465
UV Mapping,1766,4:46 AM,Photojournalism,incentivize world-class portals,97804,38151
Lync,1726,3:13 AM,USDA,redefine magnetic e-business,68765,64396
Pyramix,1968,3:43 AM,MRM,synergize web-enabled synergies,41267,12712
DNS Management,1925,4:19 AM,UltraTax,enable next-generation systems,87832,39583
Legal Documents,1644,3:52 AM,3D Modeling,transform proactive communities,66774,45123
Krav Maga,1550,2:57 AM,Virtual DJ,recontextualize revolutionary synergies,60689,27014
Irrigation,1791,4:00 AM,Eye Exams,harness enterprise e-commerce,38304,56015
Site Development,1949,3:22 AM,NWDS,embrace user-centric deliverables,44109,10804
DNA Repair,1500,3:48 AM,LSF,brand ubiquitous ROI,60405,48489
Game Design,1506,1:18 AM,Skin,enhance enterprise technologies,91091,11154
EPA,1845,4:48 AM,Capital Equipment Sales,facilitate bricks-and-clicks infrastructures,37245,93624
KMS,1502,1:47 AM,UEFI,leverage distributed synergies,68092,94737
xCAT,1731,3:36 AM,Kaizen Blitz,productize enterprise paradigms,94344,37173
FTPS,1608,4:13 AM,PFT,exploit end-to-end relationships,55783,14424
Clinical Research,2018,1:30 AM,Jeet Kune Do,aggregate front-end e-markets,95461,36230
CSLA,1950,1:25 AM,zSeries,architect end-to-end content,65925,81332
E-on Vue,1995,1:58 AM,Corporate Finance,seize plug-and-play portals,98276,78396
Kohana Framework,1610,3:59 AM,Amadeus,enable synergistic networks,77890,69066
Zephyr,1949,3:15 AM,Book Reviews,mesh plug-and-play mindshare,16897,81791
Spring MVC,1534,1:27 AM,FCE,visualize distributed networks,96016,94233
JIRA,1603,2:34 AM,Outdoor Advertising,deliver world-class platforms,53527,32373
FTO analysis,1946,3:34 AM,Zabbix,scale efficient channels,25036,9434
Zeus,1763,2:31 AM,RTB,transition vertical users,16365,26636
FpML,1542,3:12 AM,Gutters,e-enable magnetic experiences,91584,70322
Software Documentation,1959,3:11 AM,Agile &amp; Waterfall Methodologies,morph front-end networks,31254,70837
LDD,1580,2:50 AM,People Skills,empower B2C applications,20171,73212
LDAP Administration,1877,3:40 AM,MRV,transition strategic synergies,7894,5752
TS,1559,2:04 AM,Zoomerang,monetize innovative networks,11028,6471
Afghanistan,1660,3:21 AM,Comic Book Illustration,iterate viral infomediaries,89557,97085
TCP,1819,2:20 AM,CGI programming,optimize revolutionary technologies,22500,26843
DMT,1647,2:18 AM,TTCN,maximize world-class metrics,78907,66269
Global Sourcing,1643,4:53 AM,XTRAC,engage impactful e-tailers,54094,20960
Urbanism,1857,2:57 AM,SNMP,harness web-enabled convergence,92417,49030
Routing Protocols,1623,1:15 AM,BMD,extend viral deliverables,57235,86006
Zebrafish,1637,3:19 AM,LWUIT,e-enable transparent e-services,37986,53235
Welding,1654,2:47 AM,PLC Allen Bradley,recontextualize open-source interfaces,26649,45248
IBM Websphere Commerce,1548,2:37 AM,Candidate Generation,aggregate robust vortals,29313,11450
JIRA,1744,1:21 AM,Customer Follow-up,e-enable user-centric vortals,57862,54013
Web Applications,1639,3:46 AM,Contemporary Art,synthesize visionary web services,100773,80841
Tenacious Work Ethic,1660,2:17 AM,Information Architecture,extend back-end methodologies,57217,86158
IT Service Management,1633,3:59 AM,EFQM Excellence Model,implement frictionless schemas,52955,58991
HUD,1739,3:16 AM,MyEclipse,brand end-to-end vortals,73836,66140
BTO,1740,4:06 AM,IB,matrix cross-media convergence,49651,3711
Data Quality,1847,3:07 AM,BS7799,maximize proactive deliverables,40480,85174
IGOR Pro,1614,3:43 AM,IBM pSeries,harness bleeding-edge infomediaries,27039,14519
DFS,1858,1:04 AM,Icon Design,deliver turn-key e-tailers,36019,21307
Small Business Online Marketing,1882,1:34 AM,Windows Azure,synthesize end-to-end action-items,50518,11473
Efficent,1905,2:22 AM,AVEVA PDMS,innovate rich initiatives,60081,48158
Criminal Investigations,1872,3:43 AM,Outsourcing,streamline mission-critical niches,76820,19482
PVST+,1582,1:48 AM,IEX,envisioneer granular relationships,57250,70970
Event Management,1803,4:54 AM,Nanomaterials,harness cross-media ROI,4698,76975
Supplier Quality,1789,3:59 AM,CSA 2010,iterate dot-com markets,73245,43480
NS-2,1888,1:27 AM,Soft Skills,iterate e-business communities,30736,60940
BTS Installation,1773,1:07 AM,HP QTP,grow 24/365 channels,76613,5877
DSO,1598,2:18 AM,vCenter Server,cultivate B2B channels,89007,82747
DNA Repair,1865,4:36 AM,ASP,integrate front-end synergies,48874,94356
Lubricants,1819,4:19 AM,Unreal Editor,reintermediate compelling experiences,50996,80262
Uniform Combined State Law,1786,2:01 AM,Brokers,synergize bricks-and-clicks technologies,81501,11714
JBoss EAP,1825,3:14 AM,Character Animation,expedite B2C ROI,97070,10535
Therapists,1878,3:58 AM,MSA,streamline holistic relationships,27779,52899
TPR,1738,1:47 AM,Environmental Management Systems,enable robust interfaces,18989,90799
Executive Coaching,1902,3:59 AM,PTC Creo,exploit interactive metrics,13199,58451
Illustrator,1550,2:18 AM,Ultrasound Therapy,monetize value-added methodologies,65215,81638
Cisco Nexus,1885,2:04 AM,UK Bribery Act,iterate revolutionary functionalities,25057,97973
Waterfront,1823,1:51 AM,Variable Frequency Drives,morph global ROI,76519,57970
Store Management,1665,1:52 AM,Customer Service,visualize synergistic eyeballs,89529,69915
Molecular Cloning,1917,1:24 AM,Security Operations,exploit world-class bandwidth,12970,38239
Broadcast Journalism,1651,3:43 AM,LDP,reintermediate end-to-end experiences,55363,49509
Airlines,1821,3:27 AM,Team Building,reinvent integrated e-markets,57818,1994
Gw Basic,1888,2:41 AM,Earthquake Engineering,incentivize customized channels,4579,7690
LDO,1857,2:44 AM,Compliance Oversight,generate ubiquitous solutions,83734,14766
PBASIC,1869,2:38 AM,OASIS,enable customized portals,36515,57295
HSIA,1816,2:32 AM,Proposal Writing,incubate enterprise synergies,82885,11302
Lines Of Credit,1965,1:40 AM,Portrait Photography,harness viral supply-chains,94768,19653
Geometric Dimensioning &amp; Tolerancing,1629,4:16 AM,FMCG,scale 24/7 initiatives,71406,37510
OAB,1578,2:04 AM,Negotiation,envisioneer killer e-business,51174,59113
SVOD,1515,4:09 AM,Alcoholic Beverages,mesh end-to-end eyeballs,42342,58091
GDS,1906,2:27 AM,Key Account Development,brand out-of-the-box portals,80215,95469
Avaya AES,1670,4:02 AM,Classroom,target customized markets,26047,83172
Tiles,1771,2:23 AM,Microsoft Exchange,redefine front-end infrastructures,18776,91544
Tween,1998,1:31 AM,IQ Navigator,generate compelling web services,71730,21021
Sanction II,1952,3:13 AM,PDO,leverage 24/365 solutions,18381,1550
Zabbix,1976,1:28 AM,JCO,expedite magnetic e-tailers,42856,53660
FF&amp;E Procurement,1764,1:18 AM,Residential Mortgages,deliver holistic e-markets,42050,62025
Corel Draw,1979,3:52 AM,General Insurance,aggregate efficient applications,19639,82526
Avid Media Composer,2003,1:31 AM,NFS,transform integrated solutions,82652,77773
Business Development,1974,2:34 AM,Yahoo Search Marketing,reintermediate 24/7 interfaces,93511,33820
Xenix,1726,1:18 AM,Xactimate,enable dot-com e-commerce,50450,23970
McKesson PACS,1894,1:52 AM,Utility Locating,leverage interactive action-items,18399,51679
Work Very Well with Others,1635,2:44 AM,Market Risk,syndicate proactive interfaces,83790,41730
Epoxy,1594,2:51 AM,VSEO,streamline user-centric web services,59069,2443
HR Strategy,1794,3:32 AM,PBS,leverage clicks-and-mortar applications,69850,19085
Wholesale Operations,1849,4:30 AM,JTAPI,deliver scalable functionalities,46792,64836
Fume FX,1876,3:12 AM,FPC 1,syndicate intuitive eyeballs,67986,57102
Electrical Engineering,1939,4:19 AM,TFSA,scale one-to-one architectures,65315,60449
CMC Regulatory Affairs,1505,3:48 AM,Aqualogic,embrace collaborative networks,51160,38084
Unreal Editor,1692,1:44 AM,JDA,extend user-centric solutions,68679,31370
PC Anywhere,1562,1:52 AM,Running,unleash value-added content,67351,63671
Security Awareness,1595,2:24 AM,Kinesiology,evolve rich networks,85706,4586
In-situ Chemical Oxidation,1672,1:13 AM,ISO 22000,synthesize open-source networks,93584,70310
Document Imaging,1606,1:04 AM,QCAT,empower robust methodologies,95902,858
European Law,1986,2:43 AM,FWSM,deploy integrated platforms,34944,48897
WSIB,2007,4:47 AM,Work Very Well with Others,engineer B2B action-items,86664,48604
IGRP,1990,2:37 AM,VNA,expedite out-of-the-box models,95750,44965
Yamaha PM5D,1881,1:28 AM,Be Your Own Boss,grow B2B ROI,81519,98597
Hummingbird DM,1677,3:18 AM,CICS,harness out-of-the-box technologies,74860,14533
Tortoise CVS,1520,4:10 AM,Kofax,drive value-added e-business,64045,94912
Fashion GPS,1598,4:27 AM,Videography,enable next-generation action-items,58059,53814
IT Infrastructure Management,1996,2:20 AM,RSA Tokens,streamline interactive e-services,75614,29948
Financial Planning,1660,1:32 AM,OxMetrics,strategize sexy interfaces,49519,82962
CFOs,1781,3:31 AM,NG-SDH,leverage 24/7 synergies,45770,85389
Culture Change,1746,4:10 AM,Marketing,engage bricks-and-clicks synergies,48146,82645
Ecological Restoration,1598,4:23 AM,Capital Equipment Sales,strategize enterprise technologies,94811,49001
Hlookups,1962,2:14 AM,Aerospace,deliver 24/365 networks,74173,73423
EBIT,1694,2:39 AM,Facilities Management,streamline ubiquitous e-commerce,63741,96128
Java RMI,1635,3:42 AM,Eze Castle,brand value-added content,62467,30706
Politics,1504,1:46 AM,Typewriter,redefine cutting-edge ROI,34890,8091
Drama,1917,2:14 AM,HDTV,empower transparent e-tailers,73078,12360
Surgery,1996,3:42 AM,Electric Power,transform vertical communities,32047,64233
Site Planning,1548,4:02 AM,UTRAN,seize real-time models,76026,57570
PDA,1736,2:37 AM,Yardi,reinvent open-source e-tailers,76939,93659
EPCM,1963,2:37 AM,Aerohive,mesh cutting-edge functionalities,43224,58919
DTD,1919,4:50 AM,Employee Relations,enhance synergistic portals,63784,12774
Human Capital,1838,3:28 AM,Workers Compensation,whiteboard ubiquitous technologies,51965,27440
Knowledge Engineering,1769,4:12 AM,VSP 4,seize scalable vortals,91665,84856
AQTESOLV,1783,4:34 AM,POS,grow cross-platform channels,92277,4607
OKI,1500,1:23 AM,ETAP,architect global content,22250,56266
TCAD,1738,2:23 AM,Luxury,generate compelling applications,99150,44971
RTCP,1675,2:11 AM,Crystal Xcelsius 2008,grow transparent channels,57446,36139
Keynote,1673,4:44 AM,RHCE,drive visionary ROI,10042,79433
Ppk,1964,2:32 AM,Jigsaw,extend 24/365 action-items,94860,40168
IEF,1892,4:01 AM,QAM,maximize leading-edge convergence,62884,75261
Print On Demand,1923,3:30 AM,UB04,deliver B2B e-markets,26789,53153
Trade Shows,1993,3:22 AM,Estate Planning,strategize innovative metrics,93915,59257
Payroll Taxes,2004,2:36 AM,ArcGIS,synergize rich architectures,60135,25709
Scheduling,1746,2:35 AM,Airworthiness,innovate compelling action-items,86615,62133
Cytogenetics,1817,2:50 AM,Drug Discovery,synthesize cross-platform e-tailers,40917,79910
VTS,1568,1:49 AM,NX Unigraphics,morph mission-critical vortals,87040,24789
Online Research,1610,1:05 AM,Simple IRA,revolutionize visionary supply-chains,81913,26789
Btrieve,1508,2:54 AM,PWA,enhance compelling infomediaries,57956,21577
Homeland Security,1629,2:10 AM,FME,reinvent cross-platform web-readiness,14974,25713
Classical,1579,4:18 AM,XML Standards,integrate value-added platforms,76147,60932
NCQA,1934,4:43 AM,Groundwater,scale seamless systems,80198,88682
IVF,1594,3:56 AM,Protein Expression,embrace 24/365 platforms,22529,37453
Payments,1938,4:10 AM,HBase,mesh integrated experiences,70279,58530
Flatbed,1673,3:33 AM,Slideshare,envisioneer dynamic synergies,9719,45258
Asset Allocation,1624,1:11 AM,Value Engineering,synergize efficient markets,25652,15399
Hyper-V,1590,4:50 AM,Apache ZooKeeper,transform web-enabled schemas,20479,85754
Commercial Photography,1969,1:00 AM,GPU,reinvent scalable initiatives,13304,94498
HSP,1891,3:49 AM,IBM AIX,strategize end-to-end supply-chains,76019,30378
Hydrogeology,1747,3:52 AM,SVG,brand 24/365 schemas,23017,37541
SRED,1958,1:51 AM,Solar PV,maximize efficient networks,91637,89962
TPF,1639,1:10 AM,IPS,enhance interactive metrics,22552,77503
Pthreads,1812,4:16 AM,GGY Axis,grow turn-key architectures,41845,26608
JGroups,1630,3:18 AM,NFS,transition front-end eyeballs,49767,27020
Painting,1883,3:02 AM,DDI,extend cross-media convergence,42,72482
Eagle PCB,1967,3:26 AM,Sustainability,exploit web-enabled functionalities,50229,84972
Axioma,1990,3:26 AM,SMO,transform seamless initiatives,74203,2698
Job Evaluation,2012,4:58 AM,Vector NTI,productize impactful solutions,66734,21459
PMB,1559,1:39 AM,Japanese Business Culture,unleash distributed users,549,42185
FTL,1986,4:45 AM,Process Engineering,aggregate 24/7 solutions,22061,82362
GCF,1639,2:14 AM,CDO,monetize impactful portals,84731,15704
VPLS,1803,2:43 AM,Design of Experiments,engineer world-class action-items,63456,22995
NDIS,1672,1:45 AM,Asset Protection,transform web-enabled mindshare,80208,52103
Fashion Design,1986,4:06 AM,Radio Broadcasting,orchestrate value-added convergence,1213,60457
TCP/IP,1863,1:58 AM,Offset Printing,streamline B2C communities,71296,80849
International Political Economy,1997,1:21 AM,dSPACE,visualize 24/7 infomediaries,69488,9568
PFMEA,1820,3:26 AM,WCCP,engineer cutting-edge e-markets,43233,44566
Architectural Illustration,1966,4:53 AM,IICRC Certified,grow next-generation web services,93736,43690
Classical Guitar,2010,1:55 AM,Aquisition,deliver interactive systems,6690,91349
IQ Navigator,1905,1:22 AM,Sports Psychology,matrix scalable bandwidth,26230,41031
Sports Psychology,1520,3:08 AM,Mobile Technology,architect compelling users,41597,40108
UE,1583,3:16 AM,PQRI,streamline out-of-the-box platforms,93852,26389
Spectroscopy,1527,2:18 AM,JMeter,orchestrate B2C systems,42054,3151
Leases,1900,4:04 AM,Zines,transition revolutionary e-services,56637,69077
Microsoft Dynamics ERP,1874,2:11 AM,Mixed-use,target real-time e-services,43427,83199
T-SQL Stored Procedures,1846,1:15 AM,Combined Cycle,morph virtual niches,35981,30219
Object Pascal,1737,2:22 AM,FPLC,grow transparent web services,31409,49164
TM1,1824,1:39 AM,HR Metrics,transform innovative e-tailers,87997,96902
JCAHO,1992,3:29 AM,Close Protection,enhance magnetic channels,80697,27234
Fixed Assets,2018,1:28 AM,Supplier Evaluation,redefine user-centric niches,4484,57486
Occlusion,1936,3:14 AM,Functional Training,engineer web-enabled markets,4542,8681
TNS,1862,4:48 AM,Avid Xpress,deliver revolutionary web-readiness,9203,91512
Omnibus,1950,3:55 AM,RTL Coding,incubate distributed e-business,61988,3031
Songwriting,1501,4:35 AM,Mutual Funds,morph distributed eyeballs,84832,24230
LPN,1824,2:51 AM,Flex,architect cross-media paradigms,80406,13189
DVP&amp;R,1900,4:29 AM,HDF5,seize transparent web services,25634,83576
Vaccines,1805,4:08 AM,Knowledge Sharing,e-enable magnetic relationships,46196,61306
E-zines,1617,3:41 AM,IXOS,architect holistic schemas,4160,41397
SBRT,1781,1:34 AM,MXF,disintermediate granular deliverables,16382,44319
LWD,1713,4:35 AM,MS-DOS,engage cross-media niches,85174,45421
Wovens,1590,3:04 AM,Hydraulic Systems,enhance out-of-the-box communities,34104,48101
Chromatography,1521,1:24 AM,VxFS,seize scalable users,99665,4099
Book Illustration,1591,2:01 AM,SQF,incentivize sticky supply-chains,95500,50770
MKS,1960,2:44 AM,DFSS Green Belt,architect 24/365 models,57469,44445
WTO,1564,3:07 AM,GSA Schedule,repurpose holistic vortals,32019,11406
Content Writing,1741,3:19 AM,APO SNP,aggregate bricks-and-clicks e-markets,42656,96980
Close Protection,1720,3:24 AM,Short Stories,embrace best-of-breed partnerships,71722,30600
Asset Protection,1894,1:17 AM,XTRAC,expedite sexy deliverables,42269,18312
Urology,1818,1:29 AM,Oil &amp; Gas Industry,engineer virtual web services,78595,63881
Gifts,1883,4:51 AM,Ice Hockey,transform user-centric channels,93944,68116
Go,1998,3:50 AM,HRIS,grow real-time ROI,100542,21932
Atmel AVR,1667,1:14 AM,Warehousing,synthesize revolutionary models,35889,71041
Updos,1785,3:28 AM,Hazardous Waste Management,transform world-class mindshare,85498,56570
HP NonStop,1844,4:13 AM,Brazilian Jiu-Jitsu,e-enable visionary interfaces,88832,42531
LPG,1937,3:05 AM,NSIS,engage proactive web-readiness,75595,9411
Diabetes,1740,3:24 AM,TI DSPs,strategize 24/365 supply-chains,30413,86439
Project Oversight,1571,4:06 AM,MS Integration Services,orchestrate user-centric eyeballs,61355,84305
FCIP,1555,2:18 AM,Type Design,drive user-centric action-items,21683,26255
End User Training,1949,4:17 AM,Aftersales,target dynamic web services,54180,41105
Failure Analysis,1979,3:03 AM,Solvency II,brand ubiquitous functionalities,90202,74670
NCSim,1632,3:28 AM,RF Design,leverage extensible functionalities,81410,10294
Kubuntu,1794,3:13 AM,LCS,synthesize customized e-tailers,52040,49037
UV Mapping,1765,4:12 AM,Ericsson OSS,morph turn-key e-markets,95438,35046
Medical Nutrition Therapy,1899,2:17 AM,Workforce Management,facilitate holistic deliverables,59055,24331
MBAL,1616,4:20 AM,ADP Payroll,strategize collaborative solutions,13698,82882
MDRs,1622,4:44 AM,MQC,mesh end-to-end eyeballs,3785,50615
Kernel,1550,3:50 AM,RTCP,syndicate dynamic supply-chains,44824,46976
Title IV,1770,2:01 AM,MICROS,matrix proactive e-tailers,13806,81729
Cash Handling,1558,4:35 AM,Key Person Insurance,engineer 24/365 metrics,50019,29072
Property &amp; Casualty Insurance,1873,1:26 AM,GVP,strategize world-class networks,6446,121
PVCS,1946,1:29 AM,Humanitarian Assistance,incentivize cutting-edge markets,86309,63739
Assisting Others,1659,3:01 AM,Smart Metering,scale bricks-and-clicks relationships,6149,86460
Blogging,1610,3:34 AM,Typewriter,harness open-source systems,75796,34989
High Performance Computing,1913,2:12 AM,Microsoft DNS,synthesize B2C content,38808,16130
FF&amp;E Specifications,1884,1:54 AM,IoC,extend clicks-and-mortar systems,54450,49388
Hypnotherapy,1758,2:16 AM,Client Aquisition,scale bricks-and-clicks technologies,96896,61458
Aerohive,1965,4:21 AM,PWA,morph e-business synergies,22106,4560
Foreclosures,1655,1:57 AM,Financial Advisory,benchmark extensible schemas,28888,66153
Tiles,1814,4:16 AM,Essential Oils,enable bleeding-edge initiatives,87379,95031
Oracle XE,1934,1:26 AM,Media TV,strategize viral systems,79689,61951
CMMI Level 5,1528,2:37 AM,HCSS,maximize impactful technologies,85313,49951
QKA,1973,3:35 AM,Behavior Management,integrate plug-and-play bandwidth,87730,55827
Khalix,1921,2:21 AM,DG Sets,enable visionary platforms,3781,10538
Yardi Voyager,1864,1:12 AM,Smarty,exploit viral architectures,83560,8260
LCSH,1637,3:28 AM,CQT,enable cutting-edge paradigms,79325,73541
PWB,1567,1:49 AM,CVS,iterate best-of-breed mindshare,2064,8628
Rhetoric,1546,2:05 AM,RSA Ace Server,streamline best-of-breed convergence,83038,4400
JTA,1802,2:38 AM,Evidence,transition proactive web services,8730,31822
RUP Methodologies,2009,1:50 AM,MFS,visualize innovative action-items,8818,51518
DXL,1528,4:03 AM,Kundalini,seize plug-and-play metrics,58586,38031
Keyboard Skills,1907,1:00 AM,FM/2,synthesize customized supply-chains,36000,98806
DBU,1505,4:15 AM,Eyeliner,extend bleeding-edge supply-chains,19845,87655
Budgeting,1750,3:07 AM,FCE,unleash integrated networks,81750,14188
Errors &amp; Omissions,1558,2:39 AM,OllyDbg,integrate dynamic ROI,42421,46970
Easytrieve,1722,4:12 AM,In-situ Chemical Oxidation,expedite sticky users,94882,25225
Storytelling,1968,4:00 AM,Hand Knitting,implement one-to-one e-services,27720,12392
FDM,1724,2:06 AM,Medical Illustration,implement rich e-markets,16358,5461
GMF,1930,1:41 AM,Eurocodes,extend revolutionary methodologies,1808,74669
Cytogenetics,1530,3:47 AM,Amadeus,scale revolutionary interfaces,52383,15046
KPI Implementation,1683,4:14 AM,Hypertension,whiteboard integrated eyeballs,64691,56756
Alumni Relations,1710,3:49 AM,HP Server Hardware,mesh sticky communities,71991,90734
CTRS,1507,1:17 AM,Waterfall,facilitate killer architectures,80311,2420
PMO Development,1583,1:36 AM,WSDL,grow distributed networks,56707,34546
DV,1824,2:46 AM,WDK,expedite transparent content,26375,49675
UWB,1893,2:30 AM,Offset Printing,unleash frictionless markets,90109,336
IGP,1900,2:27 AM,Online Journalism,aggregate granular functionalities,52889,85005
Facilities Management,1717,2:02 AM,Target Costing,recontextualize out-of-the-box synergies,10814,38094
MRV,1883,1:20 AM,FTTH,reinvent global web-readiness,31321,25739
XATA,1577,3:20 AM,Sports Play-by-play,scale interactive convergence,39390,82858
HPLC-MS,1539,1:41 AM,HNI,syndicate sexy eyeballs,79803,89114
Jingles,2016,4:42 AM,UB04,maximize rich synergies,98485,27826
GML,1885,4:58 AM,Energy Efficiency,recontextualize compelling solutions,29853,1755
Land Use Planning,2007,1:32 AM,Wireless Networking,whiteboard holistic synergies,43999,31295
Agile Application Development,2013,3:52 AM,Medical Imaging,innovate 24/365 e-markets,50037,63519
Kyocera,1663,1:53 AM,Cisco VoIP,strategize innovative portals,95711,94023
MKS,1763,3:28 AM,TL1,repurpose efficient bandwidth,57824,88050
BOSIET,1732,1:14 AM,Non-profit Leadership,transition distributed systems,9330,6553
IIS,1711,1:34 AM,Distribution Center Operations,engage bricks-and-clicks networks,93282,18535
HP Procurve,2001,4:37 AM,CTFL,orchestrate e-business ROI,63485,32697
NPDES,1625,3:40 AM,University Teaching,brand e-business infrastructures,12115,19389
Big Data,1821,4:25 AM,Vascular,synthesize bricks-and-clicks e-business,88099,15459
LVDS,1941,1:39 AM,ICT Governance,brand world-class systems,30840,11342
Contemporary Art,1554,2:23 AM,DGFT,drive cross-platform niches,35248,8640
MicroStation,1755,1:20 AM,XPages,seize mission-critical deliverables,7531,10555
MBR,1571,4:51 AM,Youth Outreach,aggregate innovative users,321,16476
Zotero,1874,4:13 AM,Social Skills,cultivate 24/7 e-services,21513,52903
SRED,1756,1:38 AM,Snowmobile,extend 24/365 markets,70435,93675
Mysis,1606,1:38 AM,Enterprise Risk Management,reinvent mission-critical channels,80925,84261
Navy,1989,3:05 AM,Adolescents,extend open-source web services,54091,61325
Ultiboard,1655,1:48 AM,Portuguese,redefine real-time action-items,94859,72155
eGRC,1809,4:39 AM,Early Childhood Education,repurpose end-to-end vortals,41779,85645
TFS,1541,2:18 AM,Permanent Placement,monetize world-class vortals,31719,63014
RRSP,1556,3:11 AM,Driving Results,matrix magnetic communities,32587,77242
RPG Free,1532,2:28 AM,TMJ Treatment,architect 24/365 eyeballs,70420,91049
Risk Analysis,1917,4:20 AM,AOG,synergize wireless supply-chains,48412,98832
Systems Engineering,1930,3:09 AM,Workforce Planning,e-enable back-end markets,23472,42707
Ultrasonic Welding,1683,1:50 AM,Silverlight,benchmark real-time initiatives,57874,47688
Big Data,1724,2:28 AM,Cisco VoIP,redefine sticky convergence,19629,86309
CCDP,1826,4:06 AM,Zendesk,morph distributed synergies,73869,2870
JVs,1845,1:41 AM,Tourism,generate enterprise e-commerce,10590,27527
Financial Services,1823,1:34 AM,QMF,enable revolutionary paradigms,21802,28117
BFD,1619,1:05 AM,HDLC,harness innovative infrastructures,24490,19068
Gourmet,1918,1:07 AM,Outerwear,implement next-generation experiences,37286,48138
TVPaint,1910,1:34 AM,CCNP,visualize impactful vortals,96941,8504
TLM,1862,3:00 AM,Critical Illness,productize e-business users,70486,47060
GPS Tracking,1800,4:09 AM,DB2,strategize dot-com platforms,74222,57314
Spectroscopy,1552,3:38 AM,iPod,harness user-centric portals,17791,24756
Bands,2002,3:52 AM,Osteopathy,maximize bleeding-edge schemas,9494,10903
Zend Studio,1745,4:51 AM,Holistic Health,productize distributed technologies,83770,49872
RTA,1717,4:35 AM,Appraisals,synergize cross-platform web services,62085,33133
Store Management,1656,1:37 AM,Cytogenetics,redefine ubiquitous mindshare,41220,20592
EE4,1950,2:22 AM,XML Standards,integrate B2C e-commerce,64381,8842
XAML,1938,4:09 AM,Eyelash Extensions,harness e-business networks,5983,6394
Public Speaking,1814,1:44 AM,Knitting,transform impactful systems,52835,47882
Executive Coaching,1674,4:06 AM,SFR Certified,monetize cutting-edge e-services,79643,2423
Oxygen XML Editor,1813,1:43 AM,NSIS,benchmark enterprise relationships,62982,26800
Hazard Analysis,1558,1:21 AM,Doors,transition out-of-the-box e-markets,38532,27346
Kohana,1671,3:59 AM,RTC,engage mission-critical functionalities,27591,39568
BCA Protein Assay,1956,4:10 AM,FDTD,deploy transparent relationships,82610,38717
MM7,1660,2:09 AM,GL,orchestrate web-enabled schemas,50609,62761
RSL,1751,2:51 AM,ICT Governance,synergize transparent models,80458,56638
AMBA AHB,1772,4:36 AM,Assisting Others,morph leading-edge communities,62893,13296
SBEM,1679,2:00 AM,TVPaint,extend distributed platforms,15112,76934
Radar,1958,4:16 AM,Lotus Domino,transition compelling systems,68169,12999
EEPROM,1831,3:32 AM,MMR,productize killer infrastructures,81384,47041
GTP,1686,2:52 AM,Alarm Systems,transition strategic portals,42289,37064
Xpress,1594,4:12 AM,MCNP,streamline robust web-readiness,37146,75134
QA Automation,1665,3:58 AM,Rent to Own,recontextualize e-business e-markets,91684,97496
Axure RP,1694,2:31 AM,uC/OS-II,deliver 24/7 supply-chains,881,88478
CST Microwave Studio,1702,1:48 AM,Aeroelasticity,productize ubiquitous e-markets,31604,34171
IBM AS/400,1971,3:42 AM,Early Childhood Literacy,transition sticky vortals,5057,20585
VJ,1987,4:49 AM,Editing,grow distributed bandwidth,26282,91255
Azerbaijani,1569,2:56 AM,BTS Installation,embrace integrated technologies,29160,15823
Overhaul,2017,3:01 AM,LDAP Administration,reintermediate collaborative ROI,91433,57984
Internet Yellow Pages,1517,3:37 AM,Nitrous Oxide,enhance proactive eyeballs,20116,20374
Child Development,1590,2:58 AM,Solvency II,engineer plug-and-play channels,49529,29869
CMC Regulatory Affairs,1986,4:33 AM,NDM,reintermediate 24/365 metrics,48497,16687
Xara,1630,1:04 AM,Slogans,engage global infomediaries,20864,95152
Embedded Linux,1817,2:24 AM,Basic HTML,expedite proactive users,82946,44880
Process Efficiency,1987,3:02 AM,HSEQ,implement visionary action-items,48754,42561
Nielsen,1588,2:24 AM,KDB+,enable holistic e-commerce,22375,30080
z/VM,1916,3:50 AM,Jitterbit,productize wireless vortals,86726,83371
VXML,1920,2:37 AM,VB5,harness next-generation technologies,68727,91798
Financial Reporting,1671,4:31 AM,Geography,utilize virtual partnerships,13225,21202
Time Series Analysis,1750,1:30 AM,Shrinkage,e-enable world-class ROI,95565,30581
FHA,1647,4:53 AM,XML Sitemaps,integrate transparent solutions,19838,25199
Wide Format Printing,1666,4:56 AM,CVE,scale front-end supply-chains,78857,97114
MSA,1596,3:28 AM,TCP,empower compelling metrics,40364,90612
Comic Book Illustration,1538,2:29 AM,SMED,leverage dot-com mindshare,56064,88173
White Box Testing,1921,3:05 AM,LDRA,benchmark web-enabled web services,60460,45237
CDM,1731,4:52 AM,TBS,implement scalable ROI,37006,2042
HP Data Protector,1955,4:07 AM,Cross-border Transactions,empower back-end e-commerce,55001,56151
Xen,2010,1:11 AM,RMI,facilitate granular networks,23996,45147
Rugby,1824,3:06 AM,Snacks,revolutionize granular vortals,51231,42037
Minority Owned,1666,3:36 AM,User Scenarios,brand one-to-one interfaces,36122,68043
ESRI,1744,4:06 AM,SSRS,productize end-to-end platforms,22880,55843
GSS,1577,3:43 AM,Western Europe,synthesize wireless communities,29168,619
JSONP,1535,3:23 AM,RLM,harness virtual e-tailers,11927,80242
RRP,1522,2:31 AM,Technical Recruiting,utilize one-to-one schemas,45192,59654
UPS Systems,1689,3:11 AM,Gypsum,reinvent end-to-end infrastructures,15924,5576
PDE,1538,3:20 AM,JNA,whiteboard strategic content,18976,32096
Rail,1836,4:39 AM,Electricity,facilitate viral channels,72906,29199
Pymol,1923,3:34 AM,MRPII,seize seamless e-services,10831,45501
PPTP,1910,2:07 AM,Life Cycle Assessment,scale integrated metrics,85236,45667
AQL,1674,4:01 AM,Home Equity Lines of Credit,expedite collaborative e-commerce,3333,52486
Tally ERP,1896,4:52 AM,Luxury Cruise,utilize value-added networks,9947,79591
MCAD,1940,3:05 AM,Tax Preparation,embrace B2C content,77396,64061
NRF,1569,2:24 AM,Key Account Management,seize end-to-end web services,20011,90296
Oracle Applications,1728,4:09 AM,AMBA AHB,deploy extensible e-services,26326,93453
XAML,1867,1:46 AM,MCSA Security,e-enable dot-com e-tailers,44979,16515
Tcl-Tk,1652,4:44 AM,Eyelid Surgery,extend B2C eyeballs,55754,25197
Operational Due Diligence,1966,1:38 AM,International Logistics,morph sexy convergence,94331,792
Participant Observation,1597,1:57 AM,Outdoor Advertising,redefine holistic vortals,24083,96183
MCEV,1918,3:03 AM,Unit Testing,productize transparent platforms,97532,59248
Typesetting,1612,1:59 AM,Interest Rate Swaps,embrace revolutionary architectures,26792,10052
XHTML,1611,2:38 AM,Cardiac Rhythm Management,generate integrated action-items,77333,54747
JCAHO,1550,3:34 AM,sFlow,scale ubiquitous mindshare,7043,92075
Allergy,1833,3:07 AM,Odyssey,deliver out-of-the-box experiences,31381,60454
Drug Development,1767,3:23 AM,CGL,strategize world-class methodologies,16710,41990
IACUC,1803,1:24 AM,Carriage of Goods by Sea,transition viral niches,73045,87907
FPSO,1719,4:24 AM,LPG,productize interactive architectures,100271,75828
Creative Writing,1964,3:20 AM,Oil &amp; Gas Law,enhance granular action-items,85395,66693
Software Installation,1806,1:24 AM,E-on Vue,engineer transparent e-business,34626,97048
Gcov,1759,2:06 AM,DxDesigner,disintermediate revolutionary functionalities,34084,4977
Jigsaw,1820,2:27 AM,Hyperion Planning,target 24/7 infomediaries,79450,34228
Purchase Management,1919,3:27 AM,FTO analysis,integrate holistic mindshare,27960,73260
Avid Media Composer,1795,2:00 AM,Real Estate Economics,strategize compelling experiences,10703,78240
DNS Administration,1819,2:30 AM,CVS,envisioneer vertical methodologies,43592,50275
HW development,1660,3:56 AM,PJM,envisioneer cross-media functionalities,1579,4008
Event Planning,1990,4:47 AM,FBCB2,reintermediate e-business methodologies,27940,16249
KML,1710,2:40 AM,LWUIT,productize 24/365 networks,91709,49260
Igloo,1704,3:01 AM,VSOE,transition proactive solutions,54541,89483
EOR,1880,2:17 AM,HMO,implement customized initiatives,47292,51946
ODS,1981,2:15 AM,Graphic Design,reintermediate B2B systems,49550,12695
SRDF,1812,4:25 AM,Non-linear Editing,engage robust applications,69418,81224
MDA,1694,2:24 AM,RTL Coding,evolve extensible web services,20926,41455
NDA,2013,3:57 AM,IPv6,matrix real-time portals,84764,18104
Cd,2011,1:41 AM,OSPF,streamline dot-com e-markets,34683,50633
Broadband,1851,1:34 AM,Squid,engineer magnetic deliverables,86570,89947
Elementary Education,1781,3:33 AM,TPL,innovate integrated bandwidth,16524,56436
D3.js,1907,3:11 AM,Power Electronics,transition back-end ROI,82592,67808
Outsourcing Management,1607,4:23 AM,RF Systems,deploy web-enabled deliverables,80715,18060
SSL Certificates,1913,2:57 AM,DDE,orchestrate magnetic communities,74094,1323
TDR,1920,2:26 AM,PMD,seize proactive portals,76047,89213
Foreign Trade Zone,1805,2:58 AM,JCL,e-enable B2C convergence,85638,35277
Lyrics,1817,1:23 AM,Bioinformatics,monetize cutting-edge infrastructures,36847,34796
Business Intelligence Tools,1946,2:10 AM,Owners Representative,enhance 24/7 action-items,30223,78003
GPIB,1983,4:25 AM,LWD,whiteboard holistic relationships,30646,22369
VDA,1834,1:59 AM,Management Due Diligence,engineer frictionless infrastructures,33251,1056
P&amp;ID,1758,1:40 AM,Glass,unleash open-source systems,45080,41723
jBase,1661,3:28 AM,DMP,drive cross-media methodologies,34091,66829
CDM Coordinator,1611,1:29 AM,Military Justice,productize strategic initiatives,41705,55454
Capacity Building,1625,1:31 AM,GNU Radio,aggregate interactive e-tailers,63559,88470
Revenue Analysis,1817,3:19 AM,WCDMA,benchmark e-business eyeballs,18468,64649
McAfee,2006,4:18 AM,RC Detailing,synergize distributed schemas,56888,70989
XAML,1505,2:12 AM,National Association of Realtors,monetize ubiquitous initiatives,15624,4764
EBP,1988,4:11 AM,Credit Analysis,scale interactive deliverables,85630,44936
CNC,1970,1:27 AM,CQG,leverage turn-key portals,44190,14972
MS VC++,1861,4:49 AM,Digital Signal Processors,grow efficient experiences,86610,48019
UHF,1975,4:01 AM,Photos,benchmark front-end convergence,65012,53259
Company Set-up,1991,1:16 AM,Real Estate Economics,architect mission-critical portals,64824,68042
HTA,1614,1:22 AM,Organic Chemistry,deploy mission-critical markets,38889,55968
ZoomInfo,1584,4:06 AM,dsPIC,monetize global methodologies,44948,49155
QCAT,1539,3:40 AM,LCD,generate efficient e-tailers,79655,91928
PFlow,1689,1:08 AM,FrameMaker,e-enable wireless action-items,16077,4904
Content Writing,1956,2:43 AM,LS-DYNA,grow wireless architectures,70797,33750
HR Software,1525,3:37 AM,Self-esteem,transform B2B partnerships,47460,89078
SSL Duality,1888,3:55 AM,Aquaponics,deliver sticky web-readiness,78305,15065
DC Power,1541,1:47 AM,NPR Report Writing,empower scalable action-items,32849,46089
NHS,1696,3:02 AM,LyX,synthesize turn-key initiatives,23937,2864
Gyrokinesis,1994,1:51 AM,LWD,repurpose transparent eyeballs,99207,37005
Special Education,1701,2:08 AM,Music Education,incentivize front-end vortals,62348,4658
Wind Turbines,1725,1:36 AM,Administrative Law,expedite dot-com web services,54478,16776
Brand Development,1735,1:43 AM,IBM Mainframe,transform value-added users,92500,77681
