path_image,Movie_Id
http://dummyimage.com/250x250.bmp/cc0000/ffffff,65693
http://dummyimage.com/240x250.png/dddddd/000000,29196
http://dummyimage.com/241x250.bmp/ff4444/ffffff,74025
http://dummyimage.com/215x250.bmp/ff4444/ffffff,86975
http://dummyimage.com/204x250.png/cc0000/ffffff,48653
http://dummyimage.com/235x250.png/ff4444/ffffff,26848
http://dummyimage.com/235x250.png/ff4444/ffffff,84315
http://dummyimage.com/218x250.bmp/cc0000/ffffff,7930
http://dummyimage.com/235x250.png/5fa2dd/ffffff,43856
http://dummyimage.com/247x250.jpg/cc0000/ffffff,96429
http://dummyimage.com/223x250.png/ff4444/ffffff,59152
http://dummyimage.com/230x250.jpg/dddddd/000000,19847
http://dummyimage.com/204x250.jpg/ff4444/ffffff,75979
http://dummyimage.com/234x250.jpg/5fa2dd/ffffff,88655
http://dummyimage.com/237x250.bmp/dddddd/000000,51398
http://dummyimage.com/250x250.jpg/cc0000/ffffff,85499
http://dummyimage.com/249x250.jpg/dddddd/000000,35734
http://dummyimage.com/246x250.bmp/5fa2dd/ffffff,37240
http://dummyimage.com/224x250.bmp/cc0000/ffffff,68791
http://dummyimage.com/238x250.jpg/cc0000/ffffff,91813
http://dummyimage.com/212x250.bmp/dddddd/000000,67134
http://dummyimage.com/237x250.png/5fa2dd/ffffff,88558
http://dummyimage.com/207x250.bmp/ff4444/ffffff,89329
http://dummyimage.com/206x250.png/ff4444/ffffff,41271
http://dummyimage.com/213x250.bmp/ff4444/ffffff,55297
http://dummyimage.com/222x250.png/5fa2dd/ffffff,73237
http://dummyimage.com/239x250.jpg/cc0000/ffffff,48668
http://dummyimage.com/228x250.png/dddddd/000000,68738
http://dummyimage.com/222x250.png/5fa2dd/ffffff,93271
http://dummyimage.com/218x250.png/dddddd/000000,22739
http://dummyimage.com/209x250.jpg/5fa2dd/ffffff,3857
http://dummyimage.com/202x250.png/5fa2dd/ffffff,64156
http://dummyimage.com/246x250.png/ff4444/ffffff,39281
http://dummyimage.com/211x250.png/5fa2dd/ffffff,85665
http://dummyimage.com/211x250.png/5fa2dd/ffffff,78064
http://dummyimage.com/227x250.jpg/5fa2dd/ffffff,37064
http://dummyimage.com/200x250.bmp/dddddd/000000,76765
http://dummyimage.com/239x250.jpg/5fa2dd/ffffff,13185
http://dummyimage.com/244x250.jpg/dddddd/000000,44794
http://dummyimage.com/234x250.png/ff4444/ffffff,40223
http://dummyimage.com/248x250.bmp/cc0000/ffffff,43181
http://dummyimage.com/228x250.bmp/cc0000/ffffff,49299
http://dummyimage.com/212x250.png/dddddd/000000,70491
http://dummyimage.com/229x250.bmp/ff4444/ffffff,78647
http://dummyimage.com/208x250.bmp/ff4444/ffffff,38686
http://dummyimage.com/225x250.png/cc0000/ffffff,68352
http://dummyimage.com/204x250.jpg/5fa2dd/ffffff,68598
http://dummyimage.com/206x250.bmp/dddddd/000000,76374
http://dummyimage.com/247x250.png/5fa2dd/ffffff,69491
http://dummyimage.com/225x250.png/dddddd/000000,44749
http://dummyimage.com/237x250.jpg/cc0000/ffffff,13864
http://dummyimage.com/221x250.png/cc0000/ffffff,52734
http://dummyimage.com/223x250.png/5fa2dd/ffffff,18950
http://dummyimage.com/240x250.bmp/cc0000/ffffff,11493
http://dummyimage.com/220x250.bmp/ff4444/ffffff,48891
http://dummyimage.com/214x250.jpg/5fa2dd/ffffff,28466
http://dummyimage.com/244x250.png/ff4444/ffffff,39645
http://dummyimage.com/236x250.bmp/cc0000/ffffff,92382
http://dummyimage.com/222x250.jpg/dddddd/000000,41078
http://dummyimage.com/206x250.png/5fa2dd/ffffff,19094
http://dummyimage.com/233x250.bmp/ff4444/ffffff,57101
http://dummyimage.com/221x250.bmp/ff4444/ffffff,68533
http://dummyimage.com/225x250.png/cc0000/ffffff,93273
http://dummyimage.com/205x250.bmp/5fa2dd/ffffff,88685
http://dummyimage.com/248x250.bmp/dddddd/000000,8507
http://dummyimage.com/221x250.png/5fa2dd/ffffff,83092
http://dummyimage.com/210x250.jpg/cc0000/ffffff,87818
http://dummyimage.com/224x250.png/5fa2dd/ffffff,17529
http://dummyimage.com/240x250.png/dddddd/000000,35651
http://dummyimage.com/206x250.jpg/ff4444/ffffff,32696
http://dummyimage.com/228x250.jpg/5fa2dd/ffffff,66229
http://dummyimage.com/214x250.png/dddddd/000000,42358
http://dummyimage.com/214x250.bmp/5fa2dd/ffffff,35541
http://dummyimage.com/230x250.jpg/ff4444/ffffff,55585
http://dummyimage.com/239x250.png/ff4444/ffffff,91196
http://dummyimage.com/216x250.bmp/ff4444/ffffff,33014
http://dummyimage.com/222x250.png/ff4444/ffffff,32746
http://dummyimage.com/244x250.bmp/ff4444/ffffff,89265
http://dummyimage.com/208x250.bmp/5fa2dd/ffffff,9603
http://dummyimage.com/218x250.bmp/5fa2dd/ffffff,38943
http://dummyimage.com/236x250.bmp/ff4444/ffffff,71407
http://dummyimage.com/220x250.png/ff4444/ffffff,6259
http://dummyimage.com/237x250.jpg/ff4444/ffffff,73457
http://dummyimage.com/230x250.png/cc0000/ffffff,425
http://dummyimage.com/219x250.jpg/5fa2dd/ffffff,17022
http://dummyimage.com/234x250.jpg/cc0000/ffffff,17232
http://dummyimage.com/220x250.png/5fa2dd/ffffff,36284
http://dummyimage.com/241x250.bmp/cc0000/ffffff,44002
http://dummyimage.com/201x250.png/ff4444/ffffff,71663
http://dummyimage.com/234x250.jpg/cc0000/ffffff,95587
http://dummyimage.com/217x250.bmp/ff4444/ffffff,54708
http://dummyimage.com/213x250.bmp/5fa2dd/ffffff,59916
http://dummyimage.com/244x250.jpg/dddddd/000000,46358
http://dummyimage.com/208x250.png/ff4444/ffffff,90706
http://dummyimage.com/207x250.png/5fa2dd/ffffff,83847
http://dummyimage.com/235x250.bmp/ff4444/ffffff,74919
http://dummyimage.com/240x250.bmp/ff4444/ffffff,46510
http://dummyimage.com/215x250.png/5fa2dd/ffffff,16237
http://dummyimage.com/228x250.png/cc0000/ffffff,25324
http://dummyimage.com/204x250.png/ff4444/ffffff,77882
http://dummyimage.com/244x250.jpg/ff4444/ffffff,87333
http://dummyimage.com/233x250.jpg/ff4444/ffffff,19113
http://dummyimage.com/214x250.png/dddddd/000000,7801
http://dummyimage.com/235x250.jpg/ff4444/ffffff,78644
http://dummyimage.com/220x250.png/cc0000/ffffff,74981
http://dummyimage.com/233x250.bmp/cc0000/ffffff,96037
http://dummyimage.com/244x250.jpg/5fa2dd/ffffff,88773
http://dummyimage.com/207x250.png/ff4444/ffffff,87580
http://dummyimage.com/222x250.png/cc0000/ffffff,54509
http://dummyimage.com/250x250.bmp/ff4444/ffffff,24400
http://dummyimage.com/217x250.png/cc0000/ffffff,43732
http://dummyimage.com/221x250.png/ff4444/ffffff,94917
http://dummyimage.com/202x250.bmp/5fa2dd/ffffff,74085
http://dummyimage.com/215x250.jpg/dddddd/000000,14940
http://dummyimage.com/206x250.bmp/ff4444/ffffff,71348
http://dummyimage.com/202x250.jpg/5fa2dd/ffffff,29884
http://dummyimage.com/232x250.png/cc0000/ffffff,76106
http://dummyimage.com/203x250.bmp/dddddd/000000,39777
http://dummyimage.com/246x250.png/5fa2dd/ffffff,83978
http://dummyimage.com/246x250.png/ff4444/ffffff,177
http://dummyimage.com/206x250.jpg/ff4444/ffffff,60992
http://dummyimage.com/246x250.bmp/ff4444/ffffff,64420
http://dummyimage.com/224x250.bmp/dddddd/000000,41757
http://dummyimage.com/200x250.jpg/ff4444/ffffff,54100
http://dummyimage.com/247x250.png/cc0000/ffffff,50400
http://dummyimage.com/236x250.bmp/cc0000/ffffff,85794
http://dummyimage.com/243x250.png/ff4444/ffffff,35114
http://dummyimage.com/233x250.png/ff4444/ffffff,71410
http://dummyimage.com/244x250.bmp/5fa2dd/ffffff,87575
http://dummyimage.com/239x250.bmp/cc0000/ffffff,25068
http://dummyimage.com/230x250.png/dddddd/000000,95696
http://dummyimage.com/234x250.bmp/5fa2dd/ffffff,63608
http://dummyimage.com/243x250.bmp/5fa2dd/ffffff,95073
http://dummyimage.com/201x250.jpg/cc0000/ffffff,47198
http://dummyimage.com/200x250.png/cc0000/ffffff,27140
http://dummyimage.com/202x250.bmp/ff4444/ffffff,81347
http://dummyimage.com/208x250.png/5fa2dd/ffffff,22365
http://dummyimage.com/222x250.bmp/cc0000/ffffff,31024
http://dummyimage.com/216x250.jpg/5fa2dd/ffffff,66716
http://dummyimage.com/236x250.jpg/5fa2dd/ffffff,45854
http://dummyimage.com/200x250.bmp/cc0000/ffffff,41515
http://dummyimage.com/212x250.bmp/5fa2dd/ffffff,14374
http://dummyimage.com/232x250.png/5fa2dd/ffffff,93117
http://dummyimage.com/220x250.jpg/dddddd/000000,49538
http://dummyimage.com/233x250.jpg/5fa2dd/ffffff,33468
http://dummyimage.com/212x250.bmp/ff4444/ffffff,60690
http://dummyimage.com/249x250.jpg/dddddd/000000,48446
http://dummyimage.com/219x250.png/ff4444/ffffff,28882
http://dummyimage.com/238x250.bmp/ff4444/ffffff,9736
http://dummyimage.com/246x250.bmp/5fa2dd/ffffff,7935
http://dummyimage.com/216x250.png/ff4444/ffffff,42095
http://dummyimage.com/221x250.bmp/dddddd/000000,60810
http://dummyimage.com/239x250.jpg/cc0000/ffffff,96229
http://dummyimage.com/200x250.bmp/5fa2dd/ffffff,17592
http://dummyimage.com/210x250.bmp/ff4444/ffffff,7238
http://dummyimage.com/222x250.bmp/dddddd/000000,63405
http://dummyimage.com/241x250.bmp/cc0000/ffffff,65006
http://dummyimage.com/248x250.png/cc0000/ffffff,28882
http://dummyimage.com/236x250.png/5fa2dd/ffffff,65308
http://dummyimage.com/227x250.bmp/cc0000/ffffff,72470
http://dummyimage.com/222x250.bmp/dddddd/000000,36529
http://dummyimage.com/229x250.png/5fa2dd/ffffff,19693
http://dummyimage.com/235x250.png/ff4444/ffffff,74301
http://dummyimage.com/236x250.jpg/cc0000/ffffff,57390
http://dummyimage.com/238x250.bmp/cc0000/ffffff,38643
http://dummyimage.com/203x250.bmp/dddddd/000000,59532
http://dummyimage.com/209x250.png/ff4444/ffffff,75641
http://dummyimage.com/223x250.bmp/cc0000/ffffff,87824
http://dummyimage.com/227x250.png/ff4444/ffffff,57117
http://dummyimage.com/200x250.jpg/dddddd/000000,37704
http://dummyimage.com/247x250.png/ff4444/ffffff,86784
http://dummyimage.com/229x250.jpg/5fa2dd/ffffff,38893
http://dummyimage.com/234x250.jpg/cc0000/ffffff,34930
http://dummyimage.com/239x250.jpg/cc0000/ffffff,69189
http://dummyimage.com/218x250.jpg/5fa2dd/ffffff,14564
http://dummyimage.com/200x250.bmp/5fa2dd/ffffff,75613
http://dummyimage.com/229x250.jpg/dddddd/000000,82415
http://dummyimage.com/220x250.jpg/cc0000/ffffff,56832
http://dummyimage.com/206x250.jpg/5fa2dd/ffffff,13856
http://dummyimage.com/204x250.jpg/5fa2dd/ffffff,25038
http://dummyimage.com/228x250.jpg/cc0000/ffffff,78140
http://dummyimage.com/212x250.png/dddddd/000000,81470
http://dummyimage.com/215x250.jpg/ff4444/ffffff,62615
http://dummyimage.com/203x250.bmp/cc0000/ffffff,34290
http://dummyimage.com/238x250.jpg/cc0000/ffffff,9901
http://dummyimage.com/231x250.bmp/cc0000/ffffff,28257
http://dummyimage.com/247x250.png/dddddd/000000,50050
http://dummyimage.com/247x250.jpg/dddddd/000000,32064
http://dummyimage.com/235x250.png/5fa2dd/ffffff,1470
http://dummyimage.com/201x250.jpg/cc0000/ffffff,29157
http://dummyimage.com/238x250.bmp/dddddd/000000,79868
http://dummyimage.com/201x250.png/ff4444/ffffff,6747
http://dummyimage.com/246x250.jpg/5fa2dd/ffffff,85360
http://dummyimage.com/228x250.jpg/dddddd/000000,76763
http://dummyimage.com/240x250.bmp/dddddd/000000,29628
http://dummyimage.com/234x250.jpg/dddddd/000000,53787
http://dummyimage.com/246x250.png/dddddd/000000,64768
http://dummyimage.com/224x250.png/ff4444/ffffff,78965
http://dummyimage.com/235x250.png/5fa2dd/ffffff,81525
http://dummyimage.com/226x250.png/5fa2dd/ffffff,42115
http://dummyimage.com/218x250.bmp/5fa2dd/ffffff,50489
http://dummyimage.com/200x250.png/ff4444/ffffff,18775
http://dummyimage.com/245x250.bmp/cc0000/ffffff,50032
http://dummyimage.com/230x250.jpg/dddddd/000000,3011
http://dummyimage.com/250x250.png/5fa2dd/ffffff,74202
http://dummyimage.com/225x250.bmp/cc0000/ffffff,9769
http://dummyimage.com/244x250.png/ff4444/ffffff,74196
http://dummyimage.com/231x250.jpg/ff4444/ffffff,28763
http://dummyimage.com/234x250.png/5fa2dd/ffffff,36345
http://dummyimage.com/212x250.jpg/ff4444/ffffff,74329
http://dummyimage.com/243x250.jpg/ff4444/ffffff,50390
http://dummyimage.com/233x250.png/5fa2dd/ffffff,1872
http://dummyimage.com/205x250.bmp/dddddd/000000,2940
http://dummyimage.com/246x250.png/5fa2dd/ffffff,31037
http://dummyimage.com/205x250.png/ff4444/ffffff,95977
http://dummyimage.com/246x250.jpg/ff4444/ffffff,49061
http://dummyimage.com/238x250.jpg/5fa2dd/ffffff,27438
http://dummyimage.com/225x250.bmp/cc0000/ffffff,54175
http://dummyimage.com/236x250.jpg/dddddd/000000,16950
http://dummyimage.com/204x250.png/5fa2dd/ffffff,88298
http://dummyimage.com/213x250.jpg/5fa2dd/ffffff,19437
http://dummyimage.com/222x250.jpg/5fa2dd/ffffff,70425
http://dummyimage.com/235x250.jpg/ff4444/ffffff,34730
http://dummyimage.com/223x250.bmp/cc0000/ffffff,39726
http://dummyimage.com/250x250.jpg/cc0000/ffffff,19767
http://dummyimage.com/203x250.jpg/cc0000/ffffff,16860
http://dummyimage.com/219x250.jpg/5fa2dd/ffffff,22230
http://dummyimage.com/221x250.png/dddddd/000000,21724
http://dummyimage.com/239x250.png/dddddd/000000,781
http://dummyimage.com/218x250.bmp/ff4444/ffffff,4852
http://dummyimage.com/232x250.jpg/ff4444/ffffff,19919
http://dummyimage.com/201x250.png/ff4444/ffffff,93421
http://dummyimage.com/238x250.png/5fa2dd/ffffff,5454
http://dummyimage.com/223x250.png/ff4444/ffffff,75311
http://dummyimage.com/233x250.png/ff4444/ffffff,90831
http://dummyimage.com/210x250.bmp/cc0000/ffffff,32272
http://dummyimage.com/242x250.jpg/cc0000/ffffff,53694
http://dummyimage.com/244x250.jpg/5fa2dd/ffffff,78421
http://dummyimage.com/229x250.jpg/dddddd/000000,72127
http://dummyimage.com/238x250.bmp/cc0000/ffffff,15562
http://dummyimage.com/213x250.jpg/ff4444/ffffff,35120
http://dummyimage.com/211x250.png/cc0000/ffffff,32309
http://dummyimage.com/209x250.png/cc0000/ffffff,16775
http://dummyimage.com/228x250.png/dddddd/000000,23590
http://dummyimage.com/237x250.bmp/cc0000/ffffff,3134
http://dummyimage.com/231x250.jpg/dddddd/000000,40345
http://dummyimage.com/239x250.bmp/dddddd/000000,21918
http://dummyimage.com/217x250.bmp/5fa2dd/ffffff,94552
http://dummyimage.com/236x250.jpg/ff4444/ffffff,35109
http://dummyimage.com/238x250.jpg/5fa2dd/ffffff,41233
http://dummyimage.com/247x250.jpg/ff4444/ffffff,76298
http://dummyimage.com/242x250.bmp/5fa2dd/ffffff,84527
http://dummyimage.com/218x250.jpg/ff4444/ffffff,61602
http://dummyimage.com/221x250.png/ff4444/ffffff,21706
http://dummyimage.com/220x250.png/dddddd/000000,30372
http://dummyimage.com/209x250.bmp/cc0000/ffffff,16242
http://dummyimage.com/236x250.png/ff4444/ffffff,12406
http://dummyimage.com/224x250.jpg/5fa2dd/ffffff,85114
http://dummyimage.com/221x250.bmp/dddddd/000000,2137
http://dummyimage.com/217x250.png/dddddd/000000,41311
http://dummyimage.com/203x250.bmp/dddddd/000000,59528
http://dummyimage.com/226x250.png/ff4444/ffffff,46952
http://dummyimage.com/235x250.png/dddddd/000000,15390
http://dummyimage.com/203x250.jpg/ff4444/ffffff,5674
http://dummyimage.com/211x250.jpg/5fa2dd/ffffff,9428
http://dummyimage.com/211x250.png/cc0000/ffffff,61527
http://dummyimage.com/232x250.png/ff4444/ffffff,26550
http://dummyimage.com/226x250.png/cc0000/ffffff,25975
http://dummyimage.com/248x250.jpg/5fa2dd/ffffff,94465
http://dummyimage.com/226x250.jpg/dddddd/000000,50518
http://dummyimage.com/229x250.png/dddddd/000000,20533
http://dummyimage.com/242x250.png/dddddd/000000,4092
http://dummyimage.com/222x250.jpg/5fa2dd/ffffff,64918
http://dummyimage.com/213x250.jpg/5fa2dd/ffffff,66516
http://dummyimage.com/250x250.bmp/5fa2dd/ffffff,17221
http://dummyimage.com/246x250.bmp/ff4444/ffffff,21104
http://dummyimage.com/202x250.bmp/cc0000/ffffff,63658
http://dummyimage.com/206x250.png/ff4444/ffffff,82963
http://dummyimage.com/229x250.png/ff4444/ffffff,23996
http://dummyimage.com/243x250.png/5fa2dd/ffffff,61915
http://dummyimage.com/216x250.jpg/dddddd/000000,68799
http://dummyimage.com/233x250.bmp/ff4444/ffffff,78185
http://dummyimage.com/211x250.jpg/dddddd/000000,73606
http://dummyimage.com/210x250.bmp/ff4444/ffffff,8043
http://dummyimage.com/238x250.png/ff4444/ffffff,26279
http://dummyimage.com/223x250.bmp/dddddd/000000,73102
http://dummyimage.com/216x250.bmp/cc0000/ffffff,14674
http://dummyimage.com/219x250.jpg/dddddd/000000,17823
http://dummyimage.com/215x250.bmp/ff4444/ffffff,2905
http://dummyimage.com/214x250.jpg/dddddd/000000,34378
http://dummyimage.com/223x250.bmp/cc0000/ffffff,70372
http://dummyimage.com/232x250.jpg/5fa2dd/ffffff,48542
http://dummyimage.com/209x250.bmp/ff4444/ffffff,29165
http://dummyimage.com/242x250.png/ff4444/ffffff,43252
http://dummyimage.com/224x250.jpg/ff4444/ffffff,47045
http://dummyimage.com/245x250.png/cc0000/ffffff,58680
http://dummyimage.com/214x250.png/5fa2dd/ffffff,60454
http://dummyimage.com/228x250.png/5fa2dd/ffffff,73459
http://dummyimage.com/236x250.jpg/dddddd/000000,67544
http://dummyimage.com/249x250.bmp/dddddd/000000,85356
http://dummyimage.com/209x250.png/cc0000/ffffff,86611
http://dummyimage.com/237x250.png/cc0000/ffffff,19994
http://dummyimage.com/237x250.jpg/dddddd/000000,83045
http://dummyimage.com/209x250.bmp/cc0000/ffffff,43450
http://dummyimage.com/250x250.bmp/dddddd/000000,8013
http://dummyimage.com/206x250.bmp/ff4444/ffffff,55179
http://dummyimage.com/211x250.bmp/ff4444/ffffff,14112
http://dummyimage.com/232x250.jpg/dddddd/000000,72699
http://dummyimage.com/217x250.png/cc0000/ffffff,33185
http://dummyimage.com/202x250.png/dddddd/000000,27920
http://dummyimage.com/203x250.png/5fa2dd/ffffff,73994
http://dummyimage.com/203x250.jpg/cc0000/ffffff,38157
http://dummyimage.com/224x250.jpg/ff4444/ffffff,2312
http://dummyimage.com/227x250.png/ff4444/ffffff,15002
http://dummyimage.com/233x250.png/dddddd/000000,50248
http://dummyimage.com/247x250.png/ff4444/ffffff,34845
http://dummyimage.com/231x250.bmp/5fa2dd/ffffff,33566
http://dummyimage.com/231x250.jpg/ff4444/ffffff,38053
http://dummyimage.com/207x250.png/cc0000/ffffff,43361
http://dummyimage.com/244x250.bmp/cc0000/ffffff,25722
http://dummyimage.com/236x250.bmp/cc0000/ffffff,74562
http://dummyimage.com/236x250.png/dddddd/000000,21376
http://dummyimage.com/236x250.jpg/5fa2dd/ffffff,14914
http://dummyimage.com/245x250.jpg/cc0000/ffffff,22989
http://dummyimage.com/229x250.png/cc0000/ffffff,36095
http://dummyimage.com/243x250.png/cc0000/ffffff,29783
http://dummyimage.com/238x250.jpg/ff4444/ffffff,15846
http://dummyimage.com/229x250.jpg/dddddd/000000,9610
http://dummyimage.com/248x250.png/ff4444/ffffff,36960
http://dummyimage.com/230x250.bmp/cc0000/ffffff,53705
http://dummyimage.com/250x250.png/dddddd/000000,73545
http://dummyimage.com/224x250.jpg/dddddd/000000,37243
http://dummyimage.com/218x250.jpg/dddddd/000000,24034
http://dummyimage.com/246x250.png/ff4444/ffffff,14390
http://dummyimage.com/237x250.png/5fa2dd/ffffff,93436
http://dummyimage.com/213x250.jpg/ff4444/ffffff,68932
http://dummyimage.com/204x250.png/5fa2dd/ffffff,83286
http://dummyimage.com/232x250.bmp/cc0000/ffffff,93513
http://dummyimage.com/244x250.png/ff4444/ffffff,69477
http://dummyimage.com/227x250.png/cc0000/ffffff,57093
http://dummyimage.com/237x250.bmp/cc0000/ffffff,40349
http://dummyimage.com/207x250.jpg/dddddd/000000,55985
http://dummyimage.com/241x250.png/dddddd/000000,58415
http://dummyimage.com/217x250.png/cc0000/ffffff,36966
http://dummyimage.com/218x250.bmp/cc0000/ffffff,76664
http://dummyimage.com/201x250.bmp/cc0000/ffffff,17420
http://dummyimage.com/201x250.jpg/ff4444/ffffff,4722
http://dummyimage.com/234x250.bmp/ff4444/ffffff,67322
http://dummyimage.com/228x250.png/ff4444/ffffff,14725
http://dummyimage.com/241x250.bmp/cc0000/ffffff,85314
http://dummyimage.com/248x250.jpg/5fa2dd/ffffff,64095
http://dummyimage.com/213x250.png/5fa2dd/ffffff,91382
http://dummyimage.com/215x250.bmp/cc0000/ffffff,13238
http://dummyimage.com/222x250.png/dddddd/000000,88506
http://dummyimage.com/224x250.bmp/cc0000/ffffff,73974
http://dummyimage.com/207x250.bmp/ff4444/ffffff,72015
http://dummyimage.com/239x250.bmp/ff4444/ffffff,79160
http://dummyimage.com/228x250.jpg/dddddd/000000,63327
http://dummyimage.com/244x250.bmp/cc0000/ffffff,37746
http://dummyimage.com/248x250.png/dddddd/000000,15688
http://dummyimage.com/239x250.bmp/ff4444/ffffff,92003
http://dummyimage.com/231x250.bmp/5fa2dd/ffffff,57381
http://dummyimage.com/221x250.bmp/5fa2dd/ffffff,84146
http://dummyimage.com/248x250.jpg/dddddd/000000,36494
http://dummyimage.com/208x250.png/ff4444/ffffff,1934
http://dummyimage.com/248x250.jpg/cc0000/ffffff,40498
http://dummyimage.com/202x250.jpg/ff4444/ffffff,17428
http://dummyimage.com/217x250.png/dddddd/000000,26962
http://dummyimage.com/234x250.jpg/ff4444/ffffff,23883
http://dummyimage.com/202x250.jpg/dddddd/000000,65151
http://dummyimage.com/219x250.bmp/5fa2dd/ffffff,52510
http://dummyimage.com/246x250.bmp/dddddd/000000,61501
http://dummyimage.com/210x250.bmp/dddddd/000000,69077
http://dummyimage.com/236x250.bmp/ff4444/ffffff,47124
http://dummyimage.com/216x250.bmp/cc0000/ffffff,66317
http://dummyimage.com/242x250.bmp/cc0000/ffffff,96638
http://dummyimage.com/235x250.jpg/cc0000/ffffff,83021
http://dummyimage.com/211x250.bmp/ff4444/ffffff,66394
http://dummyimage.com/231x250.jpg/cc0000/ffffff,85515
http://dummyimage.com/219x250.png/cc0000/ffffff,44065
http://dummyimage.com/249x250.jpg/5fa2dd/ffffff,43436
http://dummyimage.com/225x250.png/dddddd/000000,82163
http://dummyimage.com/208x250.bmp/cc0000/ffffff,76979
http://dummyimage.com/233x250.bmp/dddddd/000000,71523
http://dummyimage.com/229x250.bmp/dddddd/000000,75705
http://dummyimage.com/224x250.png/dddddd/000000,74383
http://dummyimage.com/207x250.jpg/dddddd/000000,10276
http://dummyimage.com/200x250.png/cc0000/ffffff,27275
http://dummyimage.com/232x250.bmp/ff4444/ffffff,37521
http://dummyimage.com/206x250.png/ff4444/ffffff,284
http://dummyimage.com/245x250.bmp/5fa2dd/ffffff,83868
http://dummyimage.com/208x250.png/cc0000/ffffff,34066
http://dummyimage.com/210x250.jpg/dddddd/000000,88772
http://dummyimage.com/203x250.bmp/dddddd/000000,61133
http://dummyimage.com/211x250.png/dddddd/000000,87869
http://dummyimage.com/206x250.png/ff4444/ffffff,43558
http://dummyimage.com/242x250.jpg/dddddd/000000,49552
http://dummyimage.com/211x250.jpg/dddddd/000000,24636
http://dummyimage.com/245x250.bmp/5fa2dd/ffffff,35358
http://dummyimage.com/246x250.png/dddddd/000000,36192
http://dummyimage.com/223x250.bmp/dddddd/000000,61249
http://dummyimage.com/244x250.jpg/ff4444/ffffff,18824
http://dummyimage.com/248x250.jpg/dddddd/000000,24329
http://dummyimage.com/241x250.bmp/ff4444/ffffff,59928
http://dummyimage.com/224x250.bmp/dddddd/000000,58034
http://dummyimage.com/231x250.png/ff4444/ffffff,35435
http://dummyimage.com/241x250.jpg/dddddd/000000,65926
http://dummyimage.com/222x250.bmp/cc0000/ffffff,7296
http://dummyimage.com/220x250.jpg/5fa2dd/ffffff,81470
http://dummyimage.com/206x250.bmp/cc0000/ffffff,63620
http://dummyimage.com/232x250.bmp/ff4444/ffffff,32812
http://dummyimage.com/249x250.jpg/dddddd/000000,53244
http://dummyimage.com/223x250.jpg/dddddd/000000,90709
http://dummyimage.com/239x250.jpg/5fa2dd/ffffff,25238
http://dummyimage.com/217x250.png/cc0000/ffffff,70170
http://dummyimage.com/225x250.jpg/cc0000/ffffff,93040
http://dummyimage.com/239x250.bmp/dddddd/000000,76173
http://dummyimage.com/225x250.bmp/5fa2dd/ffffff,57426
http://dummyimage.com/201x250.jpg/dddddd/000000,1645
http://dummyimage.com/210x250.png/cc0000/ffffff,54461
http://dummyimage.com/249x250.bmp/cc0000/ffffff,77794
http://dummyimage.com/238x250.bmp/5fa2dd/ffffff,51304
http://dummyimage.com/223x250.png/cc0000/ffffff,6886
http://dummyimage.com/227x250.png/cc0000/ffffff,15723
http://dummyimage.com/239x250.bmp/cc0000/ffffff,64057
http://dummyimage.com/238x250.png/ff4444/ffffff,75437
http://dummyimage.com/237x250.png/cc0000/ffffff,8534
http://dummyimage.com/207x250.png/dddddd/000000,45449
http://dummyimage.com/221x250.jpg/5fa2dd/ffffff,29408
http://dummyimage.com/244x250.png/ff4444/ffffff,79822
http://dummyimage.com/204x250.bmp/cc0000/ffffff,71809
http://dummyimage.com/243x250.png/dddddd/000000,16027
http://dummyimage.com/209x250.bmp/cc0000/ffffff,29064
http://dummyimage.com/242x250.png/ff4444/ffffff,54264
http://dummyimage.com/245x250.jpg/cc0000/ffffff,32855
http://dummyimage.com/214x250.bmp/cc0000/ffffff,31163
http://dummyimage.com/241x250.png/cc0000/ffffff,53436
http://dummyimage.com/217x250.bmp/dddddd/000000,44898
http://dummyimage.com/206x250.png/dddddd/000000,62640
http://dummyimage.com/225x250.bmp/5fa2dd/ffffff,56675
http://dummyimage.com/201x250.bmp/ff4444/ffffff,63013
http://dummyimage.com/207x250.jpg/5fa2dd/ffffff,54491
http://dummyimage.com/202x250.bmp/dddddd/000000,95622
http://dummyimage.com/244x250.png/ff4444/ffffff,55021
http://dummyimage.com/206x250.bmp/dddddd/000000,30510
http://dummyimage.com/232x250.jpg/ff4444/ffffff,26233
http://dummyimage.com/205x250.png/cc0000/ffffff,2559
http://dummyimage.com/211x250.bmp/cc0000/ffffff,49511
http://dummyimage.com/221x250.bmp/5fa2dd/ffffff,6890
http://dummyimage.com/204x250.bmp/ff4444/ffffff,3498
http://dummyimage.com/210x250.png/cc0000/ffffff,8681
http://dummyimage.com/227x250.bmp/cc0000/ffffff,85793
http://dummyimage.com/241x250.png/5fa2dd/ffffff,29942
http://dummyimage.com/241x250.jpg/cc0000/ffffff,43515
http://dummyimage.com/203x250.jpg/cc0000/ffffff,43395
http://dummyimage.com/200x250.jpg/ff4444/ffffff,22237
http://dummyimage.com/210x250.bmp/dddddd/000000,72425
http://dummyimage.com/208x250.bmp/5fa2dd/ffffff,87845
http://dummyimage.com/207x250.jpg/cc0000/ffffff,69489
http://dummyimage.com/248x250.jpg/ff4444/ffffff,80012
http://dummyimage.com/215x250.jpg/ff4444/ffffff,18668
http://dummyimage.com/225x250.bmp/ff4444/ffffff,79001
http://dummyimage.com/241x250.bmp/5fa2dd/ffffff,58860
http://dummyimage.com/214x250.jpg/dddddd/000000,72054
http://dummyimage.com/222x250.png/5fa2dd/ffffff,74205
http://dummyimage.com/209x250.bmp/ff4444/ffffff,14141
http://dummyimage.com/229x250.png/ff4444/ffffff,37386
http://dummyimage.com/237x250.png/ff4444/ffffff,8142
http://dummyimage.com/224x250.jpg/dddddd/000000,84552
http://dummyimage.com/220x250.png/5fa2dd/ffffff,83131
http://dummyimage.com/249x250.bmp/ff4444/ffffff,44335
http://dummyimage.com/223x250.bmp/cc0000/ffffff,32132
http://dummyimage.com/210x250.bmp/5fa2dd/ffffff,18389
http://dummyimage.com/249x250.png/ff4444/ffffff,58279
http://dummyimage.com/239x250.bmp/ff4444/ffffff,281
http://dummyimage.com/245x250.jpg/5fa2dd/ffffff,43006
http://dummyimage.com/224x250.png/dddddd/000000,90235
http://dummyimage.com/245x250.bmp/ff4444/ffffff,33420
http://dummyimage.com/239x250.bmp/cc0000/ffffff,56551
http://dummyimage.com/223x250.png/dddddd/000000,91917
http://dummyimage.com/202x250.jpg/5fa2dd/ffffff,60388
http://dummyimage.com/239x250.png/5fa2dd/ffffff,74980
http://dummyimage.com/245x250.jpg/dddddd/000000,62332
http://dummyimage.com/249x250.bmp/dddddd/000000,79086
http://dummyimage.com/205x250.jpg/5fa2dd/ffffff,93017
http://dummyimage.com/201x250.png/cc0000/ffffff,37241
http://dummyimage.com/221x250.png/dddddd/000000,96941
http://dummyimage.com/228x250.jpg/dddddd/000000,58396
http://dummyimage.com/200x250.png/ff4444/ffffff,95756
http://dummyimage.com/220x250.png/5fa2dd/ffffff,88605
http://dummyimage.com/225x250.jpg/ff4444/ffffff,73037
http://dummyimage.com/234x250.jpg/cc0000/ffffff,17342
http://dummyimage.com/231x250.jpg/dddddd/000000,39591
http://dummyimage.com/200x250.jpg/ff4444/ffffff,88306
http://dummyimage.com/214x250.jpg/dddddd/000000,61738
http://dummyimage.com/214x250.bmp/ff4444/ffffff,47469
http://dummyimage.com/217x250.bmp/cc0000/ffffff,10960
http://dummyimage.com/226x250.jpg/cc0000/ffffff,63873
http://dummyimage.com/201x250.png/ff4444/ffffff,42690
http://dummyimage.com/229x250.jpg/dddddd/000000,35765
http://dummyimage.com/203x250.png/5fa2dd/ffffff,40191
http://dummyimage.com/204x250.png/dddddd/000000,88580
http://dummyimage.com/233x250.jpg/cc0000/ffffff,68089
http://dummyimage.com/202x250.jpg/ff4444/ffffff,49387
http://dummyimage.com/200x250.bmp/5fa2dd/ffffff,45529
http://dummyimage.com/203x250.bmp/dddddd/000000,35724
http://dummyimage.com/231x250.bmp/5fa2dd/ffffff,32440
http://dummyimage.com/209x250.bmp/cc0000/ffffff,32171
http://dummyimage.com/238x250.bmp/ff4444/ffffff,22659
http://dummyimage.com/218x250.png/cc0000/ffffff,25609
http://dummyimage.com/247x250.bmp/ff4444/ffffff,24927
http://dummyimage.com/242x250.bmp/dddddd/000000,39207
http://dummyimage.com/238x250.bmp/dddddd/000000,8288
http://dummyimage.com/247x250.bmp/5fa2dd/ffffff,86423
http://dummyimage.com/247x250.bmp/5fa2dd/ffffff,67267
http://dummyimage.com/206x250.bmp/dddddd/000000,58037
http://dummyimage.com/250x250.bmp/dddddd/000000,41110
http://dummyimage.com/226x250.bmp/dddddd/000000,63693
http://dummyimage.com/210x250.bmp/5fa2dd/ffffff,1770
http://dummyimage.com/249x250.png/5fa2dd/ffffff,34076
http://dummyimage.com/231x250.png/5fa2dd/ffffff,10035
http://dummyimage.com/231x250.jpg/5fa2dd/ffffff,45986
http://dummyimage.com/248x250.png/dddddd/000000,52159
http://dummyimage.com/243x250.jpg/dddddd/000000,42637
http://dummyimage.com/225x250.bmp/dddddd/000000,31231
http://dummyimage.com/239x250.jpg/cc0000/ffffff,39192
http://dummyimage.com/249x250.bmp/dddddd/000000,10864
http://dummyimage.com/208x250.bmp/ff4444/ffffff,25854
http://dummyimage.com/238x250.png/cc0000/ffffff,14568
http://dummyimage.com/230x250.bmp/cc0000/ffffff,14000
http://dummyimage.com/244x250.png/cc0000/ffffff,13751
http://dummyimage.com/239x250.jpg/ff4444/ffffff,87917
http://dummyimage.com/216x250.png/dddddd/000000,2414
http://dummyimage.com/213x250.jpg/cc0000/ffffff,58125
http://dummyimage.com/221x250.bmp/ff4444/ffffff,55739
http://dummyimage.com/202x250.jpg/ff4444/ffffff,29678
http://dummyimage.com/243x250.bmp/dddddd/000000,59440
http://dummyimage.com/214x250.png/ff4444/ffffff,84625
http://dummyimage.com/208x250.jpg/ff4444/ffffff,67074
http://dummyimage.com/219x250.jpg/dddddd/000000,42412
http://dummyimage.com/218x250.bmp/dddddd/000000,68106
http://dummyimage.com/201x250.jpg/cc0000/ffffff,60334
http://dummyimage.com/246x250.bmp/cc0000/ffffff,22852
http://dummyimage.com/202x250.jpg/5fa2dd/ffffff,47819
http://dummyimage.com/221x250.png/cc0000/ffffff,11655
http://dummyimage.com/215x250.bmp/cc0000/ffffff,6568
http://dummyimage.com/207x250.png/5fa2dd/ffffff,87177
http://dummyimage.com/238x250.png/dddddd/000000,32769
http://dummyimage.com/241x250.jpg/dddddd/000000,25192
http://dummyimage.com/227x250.bmp/dddddd/000000,82902
http://dummyimage.com/216x250.jpg/ff4444/ffffff,40661
http://dummyimage.com/218x250.bmp/ff4444/ffffff,48371
http://dummyimage.com/208x250.png/5fa2dd/ffffff,57040
http://dummyimage.com/213x250.bmp/5fa2dd/ffffff,7468
http://dummyimage.com/226x250.bmp/ff4444/ffffff,95529
http://dummyimage.com/224x250.png/cc0000/ffffff,48097
http://dummyimage.com/208x250.jpg/dddddd/000000,41255
http://dummyimage.com/216x250.png/cc0000/ffffff,84485
http://dummyimage.com/214x250.jpg/5fa2dd/ffffff,91195
http://dummyimage.com/234x250.jpg/dddddd/000000,18681
http://dummyimage.com/235x250.png/ff4444/ffffff,91376
http://dummyimage.com/228x250.bmp/dddddd/000000,81125
http://dummyimage.com/245x250.png/5fa2dd/ffffff,12855
http://dummyimage.com/212x250.bmp/cc0000/ffffff,75195
http://dummyimage.com/209x250.png/dddddd/000000,29395
http://dummyimage.com/225x250.png/dddddd/000000,15678
http://dummyimage.com/243x250.png/5fa2dd/ffffff,49948
http://dummyimage.com/246x250.png/ff4444/ffffff,81550
http://dummyimage.com/205x250.png/ff4444/ffffff,71386
http://dummyimage.com/203x250.bmp/dddddd/000000,67448
http://dummyimage.com/242x250.bmp/cc0000/ffffff,69639
http://dummyimage.com/228x250.png/5fa2dd/ffffff,8544
http://dummyimage.com/210x250.bmp/ff4444/ffffff,577
http://dummyimage.com/240x250.png/cc0000/ffffff,32472
http://dummyimage.com/240x250.png/ff4444/ffffff,65826
http://dummyimage.com/215x250.png/ff4444/ffffff,60106
http://dummyimage.com/242x250.bmp/5fa2dd/ffffff,87914
http://dummyimage.com/203x250.png/ff4444/ffffff,87482
http://dummyimage.com/223x250.jpg/cc0000/ffffff,47878
http://dummyimage.com/225x250.png/ff4444/ffffff,42649
http://dummyimage.com/230x250.png/dddddd/000000,36233
http://dummyimage.com/239x250.png/cc0000/ffffff,72921
http://dummyimage.com/245x250.jpg/5fa2dd/ffffff,79176
http://dummyimage.com/210x250.png/dddddd/000000,70242
http://dummyimage.com/209x250.bmp/dddddd/000000,35524
http://dummyimage.com/206x250.jpg/ff4444/ffffff,55555
http://dummyimage.com/216x250.bmp/dddddd/000000,14592
http://dummyimage.com/231x250.bmp/cc0000/ffffff,73325
http://dummyimage.com/239x250.bmp/5fa2dd/ffffff,11197
http://dummyimage.com/202x250.jpg/cc0000/ffffff,81666
http://dummyimage.com/215x250.jpg/cc0000/ffffff,34488
http://dummyimage.com/203x250.jpg/5fa2dd/ffffff,93232
http://dummyimage.com/223x250.jpg/5fa2dd/ffffff,71504
http://dummyimage.com/204x250.jpg/cc0000/ffffff,27306
http://dummyimage.com/219x250.png/5fa2dd/ffffff,57992
http://dummyimage.com/240x250.bmp/dddddd/000000,90901
http://dummyimage.com/233x250.png/cc0000/ffffff,72438
http://dummyimage.com/215x250.bmp/ff4444/ffffff,68608
http://dummyimage.com/236x250.jpg/ff4444/ffffff,91511
http://dummyimage.com/223x250.png/5fa2dd/ffffff,87188
http://dummyimage.com/218x250.jpg/5fa2dd/ffffff,50444
http://dummyimage.com/218x250.jpg/cc0000/ffffff,81853
http://dummyimage.com/209x250.png/dddddd/000000,39690
http://dummyimage.com/237x250.bmp/ff4444/ffffff,38919
http://dummyimage.com/233x250.png/cc0000/ffffff,43996
http://dummyimage.com/215x250.jpg/5fa2dd/ffffff,58763
http://dummyimage.com/218x250.jpg/ff4444/ffffff,16981
http://dummyimage.com/211x250.jpg/5fa2dd/ffffff,95482
http://dummyimage.com/249x250.jpg/ff4444/ffffff,47471
http://dummyimage.com/220x250.png/cc0000/ffffff,75606
http://dummyimage.com/242x250.bmp/cc0000/ffffff,87211
http://dummyimage.com/238x250.jpg/dddddd/000000,56358
http://dummyimage.com/211x250.jpg/5fa2dd/ffffff,22627
http://dummyimage.com/231x250.bmp/5fa2dd/ffffff,665
http://dummyimage.com/201x250.bmp/dddddd/000000,65624
http://dummyimage.com/226x250.jpg/ff4444/ffffff,43962
http://dummyimage.com/218x250.bmp/dddddd/000000,36965
http://dummyimage.com/205x250.png/ff4444/ffffff,77694
http://dummyimage.com/225x250.jpg/dddddd/000000,87946
http://dummyimage.com/241x250.jpg/cc0000/ffffff,29380
http://dummyimage.com/219x250.bmp/ff4444/ffffff,30600
http://dummyimage.com/220x250.jpg/5fa2dd/ffffff,40785
http://dummyimage.com/231x250.jpg/5fa2dd/ffffff,36665
http://dummyimage.com/232x250.jpg/dddddd/000000,31692
http://dummyimage.com/223x250.jpg/5fa2dd/ffffff,40034
http://dummyimage.com/233x250.png/5fa2dd/ffffff,2485
http://dummyimage.com/212x250.bmp/cc0000/ffffff,9856
http://dummyimage.com/207x250.png/ff4444/ffffff,12522
http://dummyimage.com/221x250.bmp/5fa2dd/ffffff,13592
http://dummyimage.com/224x250.bmp/ff4444/ffffff,46347
http://dummyimage.com/242x250.bmp/dddddd/000000,44234
http://dummyimage.com/242x250.jpg/dddddd/000000,42673
http://dummyimage.com/239x250.bmp/ff4444/ffffff,7098
http://dummyimage.com/213x250.png/dddddd/000000,26987
http://dummyimage.com/214x250.png/5fa2dd/ffffff,80621
http://dummyimage.com/247x250.jpg/dddddd/000000,51374
http://dummyimage.com/216x250.jpg/5fa2dd/ffffff,70209
http://dummyimage.com/208x250.jpg/ff4444/ffffff,7410
http://dummyimage.com/239x250.png/ff4444/ffffff,86470
http://dummyimage.com/204x250.jpg/cc0000/ffffff,68883
http://dummyimage.com/228x250.bmp/ff4444/ffffff,94763
http://dummyimage.com/221x250.jpg/cc0000/ffffff,74304
http://dummyimage.com/212x250.jpg/5fa2dd/ffffff,35584
http://dummyimage.com/250x250.bmp/cc0000/ffffff,67450
http://dummyimage.com/208x250.png/dddddd/000000,95629
http://dummyimage.com/219x250.jpg/dddddd/000000,36417
http://dummyimage.com/219x250.bmp/dddddd/000000,7422
http://dummyimage.com/203x250.jpg/5fa2dd/ffffff,50617
http://dummyimage.com/222x250.png/cc0000/ffffff,79830
http://dummyimage.com/232x250.png/cc0000/ffffff,92524
http://dummyimage.com/219x250.png/cc0000/ffffff,48618
http://dummyimage.com/207x250.bmp/5fa2dd/ffffff,30087
http://dummyimage.com/212x250.jpg/cc0000/ffffff,50194
http://dummyimage.com/213x250.png/5fa2dd/ffffff,5092
http://dummyimage.com/243x250.png/5fa2dd/ffffff,15394
http://dummyimage.com/245x250.jpg/dddddd/000000,66565
http://dummyimage.com/235x250.bmp/dddddd/000000,78111
http://dummyimage.com/220x250.jpg/ff4444/ffffff,76642
http://dummyimage.com/243x250.bmp/cc0000/ffffff,67787
http://dummyimage.com/202x250.jpg/dddddd/000000,87245
http://dummyimage.com/242x250.bmp/5fa2dd/ffffff,47845
http://dummyimage.com/247x250.png/cc0000/ffffff,36070
http://dummyimage.com/215x250.bmp/dddddd/000000,24645
http://dummyimage.com/228x250.jpg/cc0000/ffffff,21992
http://dummyimage.com/203x250.jpg/dddddd/000000,58990
http://dummyimage.com/237x250.jpg/5fa2dd/ffffff,37087
http://dummyimage.com/222x250.png/cc0000/ffffff,80987
http://dummyimage.com/214x250.bmp/5fa2dd/ffffff,81542
http://dummyimage.com/212x250.jpg/cc0000/ffffff,89763
http://dummyimage.com/227x250.jpg/5fa2dd/ffffff,31883
http://dummyimage.com/246x250.png/dddddd/000000,84702
http://dummyimage.com/241x250.png/5fa2dd/ffffff,67772
http://dummyimage.com/210x250.bmp/cc0000/ffffff,30989
http://dummyimage.com/250x250.jpg/cc0000/ffffff,79820
http://dummyimage.com/232x250.jpg/ff4444/ffffff,12304
http://dummyimage.com/220x250.png/cc0000/ffffff,1062
http://dummyimage.com/232x250.bmp/ff4444/ffffff,59453
http://dummyimage.com/237x250.png/ff4444/ffffff,85325
http://dummyimage.com/215x250.png/cc0000/ffffff,50418
http://dummyimage.com/202x250.jpg/dddddd/000000,36663
http://dummyimage.com/218x250.png/ff4444/ffffff,22619
http://dummyimage.com/212x250.jpg/5fa2dd/ffffff,2072
http://dummyimage.com/243x250.bmp/ff4444/ffffff,27668
http://dummyimage.com/241x250.png/5fa2dd/ffffff,86012
http://dummyimage.com/229x250.jpg/ff4444/ffffff,14486
http://dummyimage.com/243x250.bmp/cc0000/ffffff,31186
http://dummyimage.com/226x250.png/ff4444/ffffff,51467
http://dummyimage.com/245x250.png/ff4444/ffffff,68611
http://dummyimage.com/230x250.bmp/cc0000/ffffff,92816
http://dummyimage.com/211x250.png/dddddd/000000,82573
http://dummyimage.com/243x250.png/ff4444/ffffff,8490
http://dummyimage.com/225x250.png/ff4444/ffffff,75357
http://dummyimage.com/207x250.bmp/dddddd/000000,64439
http://dummyimage.com/217x250.bmp/dddddd/000000,56704
http://dummyimage.com/239x250.bmp/ff4444/ffffff,46159
http://dummyimage.com/210x250.bmp/cc0000/ffffff,69798
http://dummyimage.com/221x250.jpg/cc0000/ffffff,62738
http://dummyimage.com/230x250.png/ff4444/ffffff,88982
http://dummyimage.com/233x250.jpg/5fa2dd/ffffff,64668
http://dummyimage.com/245x250.bmp/ff4444/ffffff,4913
http://dummyimage.com/205x250.jpg/ff4444/ffffff,6791
http://dummyimage.com/230x250.png/dddddd/000000,522
http://dummyimage.com/229x250.jpg/cc0000/ffffff,90265
http://dummyimage.com/221x250.png/5fa2dd/ffffff,93601
http://dummyimage.com/248x250.bmp/cc0000/ffffff,9910
http://dummyimage.com/221x250.jpg/dddddd/000000,50187
http://dummyimage.com/212x250.bmp/5fa2dd/ffffff,70203
http://dummyimage.com/212x250.jpg/5fa2dd/ffffff,58908
http://dummyimage.com/213x250.png/5fa2dd/ffffff,11679
http://dummyimage.com/225x250.bmp/5fa2dd/ffffff,59721
http://dummyimage.com/238x250.png/dddddd/000000,35193
http://dummyimage.com/211x250.png/ff4444/ffffff,69146
http://dummyimage.com/207x250.bmp/ff4444/ffffff,94512
http://dummyimage.com/211x250.jpg/5fa2dd/ffffff,48318
http://dummyimage.com/212x250.jpg/cc0000/ffffff,36640
http://dummyimage.com/235x250.png/cc0000/ffffff,3653
http://dummyimage.com/237x250.jpg/ff4444/ffffff,63518
http://dummyimage.com/231x250.jpg/cc0000/ffffff,91299
http://dummyimage.com/212x250.png/dddddd/000000,87346
http://dummyimage.com/203x250.bmp/dddddd/000000,39673
http://dummyimage.com/214x250.bmp/cc0000/ffffff,219
http://dummyimage.com/224x250.jpg/dddddd/000000,89642
http://dummyimage.com/247x250.png/cc0000/ffffff,45559
http://dummyimage.com/249x250.png/5fa2dd/ffffff,53797
http://dummyimage.com/223x250.png/ff4444/ffffff,60346
http://dummyimage.com/213x250.bmp/5fa2dd/ffffff,23138
http://dummyimage.com/234x250.jpg/ff4444/ffffff,67282
http://dummyimage.com/205x250.bmp/ff4444/ffffff,46975
http://dummyimage.com/234x250.jpg/ff4444/ffffff,68705
http://dummyimage.com/250x250.png/dddddd/000000,29290
http://dummyimage.com/232x250.bmp/cc0000/ffffff,39176
http://dummyimage.com/228x250.bmp/5fa2dd/ffffff,68060
http://dummyimage.com/210x250.png/5fa2dd/ffffff,12690
http://dummyimage.com/242x250.jpg/dddddd/000000,56800
http://dummyimage.com/240x250.jpg/5fa2dd/ffffff,27421
http://dummyimage.com/245x250.jpg/dddddd/000000,1468
http://dummyimage.com/239x250.bmp/5fa2dd/ffffff,21769
http://dummyimage.com/220x250.png/5fa2dd/ffffff,91023
http://dummyimage.com/247x250.png/dddddd/000000,33080
http://dummyimage.com/249x250.png/ff4444/ffffff,47675
http://dummyimage.com/200x250.png/5fa2dd/ffffff,55191
http://dummyimage.com/214x250.jpg/ff4444/ffffff,19848
http://dummyimage.com/213x250.bmp/cc0000/ffffff,72689
http://dummyimage.com/248x250.bmp/dddddd/000000,37937
http://dummyimage.com/235x250.jpg/5fa2dd/ffffff,71589
http://dummyimage.com/249x250.jpg/dddddd/000000,8699
http://dummyimage.com/203x250.png/5fa2dd/ffffff,31570
http://dummyimage.com/233x250.png/cc0000/ffffff,77722
http://dummyimage.com/238x250.jpg/dddddd/000000,21077
http://dummyimage.com/211x250.bmp/5fa2dd/ffffff,75667
http://dummyimage.com/212x250.png/5fa2dd/ffffff,76073
http://dummyimage.com/205x250.bmp/dddddd/000000,72748
http://dummyimage.com/246x250.bmp/ff4444/ffffff,25590
http://dummyimage.com/219x250.bmp/dddddd/000000,52885
http://dummyimage.com/219x250.jpg/ff4444/ffffff,88186
http://dummyimage.com/233x250.jpg/cc0000/ffffff,79217
http://dummyimage.com/236x250.jpg/dddddd/000000,25555
http://dummyimage.com/214x250.jpg/dddddd/000000,23464
http://dummyimage.com/243x250.png/5fa2dd/ffffff,92306
http://dummyimage.com/210x250.png/dddddd/000000,66127
http://dummyimage.com/209x250.png/cc0000/ffffff,35952
http://dummyimage.com/208x250.bmp/ff4444/ffffff,46937
http://dummyimage.com/236x250.jpg/5fa2dd/ffffff,68039
http://dummyimage.com/216x250.png/5fa2dd/ffffff,81233
http://dummyimage.com/218x250.bmp/5fa2dd/ffffff,46629
http://dummyimage.com/228x250.bmp/cc0000/ffffff,47702
http://dummyimage.com/210x250.bmp/cc0000/ffffff,11168
http://dummyimage.com/217x250.png/cc0000/ffffff,35725
http://dummyimage.com/238x250.png/dddddd/000000,4371
http://dummyimage.com/204x250.bmp/dddddd/000000,93024
http://dummyimage.com/224x250.jpg/5fa2dd/ffffff,90892
http://dummyimage.com/244x250.jpg/ff4444/ffffff,51492
http://dummyimage.com/232x250.jpg/dddddd/000000,47045
http://dummyimage.com/211x250.jpg/ff4444/ffffff,14941
http://dummyimage.com/245x250.png/dddddd/000000,28000
http://dummyimage.com/225x250.png/cc0000/ffffff,79122
http://dummyimage.com/248x250.jpg/ff4444/ffffff,35477
http://dummyimage.com/207x250.jpg/cc0000/ffffff,18686
http://dummyimage.com/202x250.png/ff4444/ffffff,72051
http://dummyimage.com/216x250.png/ff4444/ffffff,60233
http://dummyimage.com/218x250.bmp/dddddd/000000,90696
http://dummyimage.com/212x250.jpg/5fa2dd/ffffff,713
http://dummyimage.com/246x250.png/cc0000/ffffff,41964
http://dummyimage.com/245x250.png/dddddd/000000,59518
http://dummyimage.com/201x250.bmp/ff4444/ffffff,31759
http://dummyimage.com/206x250.bmp/5fa2dd/ffffff,83848
http://dummyimage.com/215x250.png/5fa2dd/ffffff,22095
http://dummyimage.com/232x250.bmp/5fa2dd/ffffff,29951
http://dummyimage.com/236x250.png/5fa2dd/ffffff,10349
http://dummyimage.com/224x250.jpg/ff4444/ffffff,2972
http://dummyimage.com/204x250.png/dddddd/000000,10152
http://dummyimage.com/232x250.bmp/5fa2dd/ffffff,1314
http://dummyimage.com/231x250.bmp/5fa2dd/ffffff,22195
http://dummyimage.com/235x250.jpg/cc0000/ffffff,41835
http://dummyimage.com/248x250.jpg/5fa2dd/ffffff,83529
http://dummyimage.com/212x250.jpg/dddddd/000000,82831
http://dummyimage.com/232x250.png/cc0000/ffffff,64314
http://dummyimage.com/236x250.jpg/5fa2dd/ffffff,73225
http://dummyimage.com/230x250.png/5fa2dd/ffffff,26212
http://dummyimage.com/243x250.png/dddddd/000000,59900
http://dummyimage.com/216x250.png/dddddd/000000,58535
http://dummyimage.com/230x250.jpg/dddddd/000000,24104
http://dummyimage.com/248x250.png/5fa2dd/ffffff,35239
http://dummyimage.com/237x250.jpg/cc0000/ffffff,83158
http://dummyimage.com/210x250.png/5fa2dd/ffffff,40486
http://dummyimage.com/228x250.bmp/cc0000/ffffff,90330
http://dummyimage.com/242x250.jpg/ff4444/ffffff,95848
http://dummyimage.com/224x250.png/ff4444/ffffff,60316
http://dummyimage.com/239x250.bmp/ff4444/ffffff,10832
http://dummyimage.com/223x250.jpg/dddddd/000000,16861
http://dummyimage.com/232x250.jpg/dddddd/000000,40821
http://dummyimage.com/226x250.png/5fa2dd/ffffff,84850
http://dummyimage.com/234x250.bmp/dddddd/000000,22873
http://dummyimage.com/237x250.jpg/5fa2dd/ffffff,12707
http://dummyimage.com/200x250.bmp/dddddd/000000,92421
http://dummyimage.com/222x250.bmp/5fa2dd/ffffff,38278
http://dummyimage.com/227x250.bmp/5fa2dd/ffffff,50838
http://dummyimage.com/200x250.bmp/ff4444/ffffff,50950
http://dummyimage.com/243x250.jpg/dddddd/000000,55246
http://dummyimage.com/247x250.png/ff4444/ffffff,78368
http://dummyimage.com/221x250.png/ff4444/ffffff,26822
http://dummyimage.com/218x250.bmp/dddddd/000000,63630
http://dummyimage.com/212x250.bmp/cc0000/ffffff,79316
http://dummyimage.com/234x250.jpg/ff4444/ffffff,94157
http://dummyimage.com/206x250.bmp/cc0000/ffffff,30913
http://dummyimage.com/243x250.jpg/ff4444/ffffff,26555
http://dummyimage.com/221x250.bmp/5fa2dd/ffffff,10347
http://dummyimage.com/224x250.bmp/ff4444/ffffff,45953
http://dummyimage.com/249x250.jpg/dddddd/000000,62600
http://dummyimage.com/207x250.png/dddddd/000000,9089
http://dummyimage.com/243x250.bmp/ff4444/ffffff,79897
http://dummyimage.com/227x250.png/dddddd/000000,69489
http://dummyimage.com/244x250.bmp/dddddd/000000,44001
http://dummyimage.com/219x250.png/cc0000/ffffff,14898
http://dummyimage.com/203x250.jpg/cc0000/ffffff,71395
http://dummyimage.com/242x250.jpg/ff4444/ffffff,9930
http://dummyimage.com/224x250.jpg/cc0000/ffffff,74679
http://dummyimage.com/207x250.bmp/ff4444/ffffff,83112
http://dummyimage.com/207x250.png/dddddd/000000,71268
http://dummyimage.com/228x250.png/5fa2dd/ffffff,478
http://dummyimage.com/228x250.jpg/ff4444/ffffff,77442
http://dummyimage.com/228x250.png/dddddd/000000,26969
http://dummyimage.com/232x250.png/5fa2dd/ffffff,94262
http://dummyimage.com/216x250.jpg/5fa2dd/ffffff,87039
http://dummyimage.com/239x250.png/ff4444/ffffff,65498
http://dummyimage.com/238x250.bmp/5fa2dd/ffffff,2210
http://dummyimage.com/215x250.png/dddddd/000000,91174
http://dummyimage.com/241x250.png/cc0000/ffffff,61610
http://dummyimage.com/234x250.jpg/ff4444/ffffff,28294
http://dummyimage.com/208x250.jpg/5fa2dd/ffffff,85512
http://dummyimage.com/228x250.jpg/cc0000/ffffff,31499
http://dummyimage.com/223x250.bmp/dddddd/000000,77779
http://dummyimage.com/218x250.png/cc0000/ffffff,47576
http://dummyimage.com/231x250.png/5fa2dd/ffffff,56643
http://dummyimage.com/200x250.jpg/5fa2dd/ffffff,84915
http://dummyimage.com/231x250.jpg/dddddd/000000,61565
http://dummyimage.com/221x250.bmp/ff4444/ffffff,61399
http://dummyimage.com/224x250.png/ff4444/ffffff,86493
http://dummyimage.com/248x250.jpg/dddddd/000000,93084
http://dummyimage.com/220x250.bmp/cc0000/ffffff,18027
http://dummyimage.com/244x250.png/5fa2dd/ffffff,5250
http://dummyimage.com/208x250.png/dddddd/000000,63552
http://dummyimage.com/236x250.jpg/cc0000/ffffff,46748
http://dummyimage.com/200x250.png/ff4444/ffffff,43851
http://dummyimage.com/215x250.bmp/5fa2dd/ffffff,70186
http://dummyimage.com/208x250.png/5fa2dd/ffffff,95096
http://dummyimage.com/239x250.jpg/5fa2dd/ffffff,56412
http://dummyimage.com/220x250.png/cc0000/ffffff,82680
http://dummyimage.com/218x250.bmp/dddddd/000000,16178
http://dummyimage.com/225x250.png/dddddd/000000,66573
http://dummyimage.com/221x250.bmp/dddddd/000000,67371
http://dummyimage.com/211x250.png/5fa2dd/ffffff,18569
http://dummyimage.com/235x250.jpg/cc0000/ffffff,64411
http://dummyimage.com/250x250.png/dddddd/000000,60021
http://dummyimage.com/234x250.bmp/ff4444/ffffff,31704
http://dummyimage.com/248x250.jpg/cc0000/ffffff,69593
http://dummyimage.com/242x250.bmp/5fa2dd/ffffff,41801
http://dummyimage.com/217x250.bmp/dddddd/000000,85478
http://dummyimage.com/222x250.bmp/cc0000/ffffff,15638
http://dummyimage.com/201x250.png/5fa2dd/ffffff,55819
http://dummyimage.com/223x250.bmp/ff4444/ffffff,4200
http://dummyimage.com/246x250.png/cc0000/ffffff,68961
http://dummyimage.com/204x250.bmp/ff4444/ffffff,79431
http://dummyimage.com/234x250.jpg/5fa2dd/ffffff,77751
http://dummyimage.com/220x250.png/dddddd/000000,5368
http://dummyimage.com/214x250.jpg/cc0000/ffffff,9535
http://dummyimage.com/226x250.png/5fa2dd/ffffff,60510
http://dummyimage.com/201x250.png/ff4444/ffffff,90716
http://dummyimage.com/213x250.jpg/dddddd/000000,12185
http://dummyimage.com/230x250.png/5fa2dd/ffffff,39360
http://dummyimage.com/218x250.bmp/5fa2dd/ffffff,79576
http://dummyimage.com/204x250.png/ff4444/ffffff,8538
http://dummyimage.com/237x250.jpg/dddddd/000000,70943
http://dummyimage.com/209x250.bmp/ff4444/ffffff,40168
http://dummyimage.com/231x250.png/dddddd/000000,93153
http://dummyimage.com/222x250.png/cc0000/ffffff,728
http://dummyimage.com/206x250.png/dddddd/000000,10898
http://dummyimage.com/226x250.png/cc0000/ffffff,62146
http://dummyimage.com/225x250.png/dddddd/000000,25336
http://dummyimage.com/229x250.jpg/dddddd/000000,66106
http://dummyimage.com/215x250.bmp/cc0000/ffffff,71759
http://dummyimage.com/213x250.jpg/ff4444/ffffff,22421
http://dummyimage.com/226x250.png/cc0000/ffffff,71019
http://dummyimage.com/234x250.jpg/cc0000/ffffff,63266
http://dummyimage.com/208x250.bmp/dddddd/000000,78543
http://dummyimage.com/228x250.jpg/5fa2dd/ffffff,48818
http://dummyimage.com/250x250.bmp/ff4444/ffffff,26297
http://dummyimage.com/225x250.png/ff4444/ffffff,23755
http://dummyimage.com/245x250.png/ff4444/ffffff,46900
http://dummyimage.com/224x250.png/dddddd/000000,90826
http://dummyimage.com/220x250.jpg/ff4444/ffffff,57132
http://dummyimage.com/227x250.bmp/ff4444/ffffff,40055
http://dummyimage.com/209x250.jpg/5fa2dd/ffffff,83559
http://dummyimage.com/211x250.bmp/ff4444/ffffff,65165
http://dummyimage.com/207x250.jpg/ff4444/ffffff,38724
http://dummyimage.com/249x250.png/cc0000/ffffff,52574
http://dummyimage.com/234x250.png/cc0000/ffffff,48393
http://dummyimage.com/249x250.jpg/dddddd/000000,29611
http://dummyimage.com/210x250.png/ff4444/ffffff,6935
http://dummyimage.com/248x250.bmp/5fa2dd/ffffff,2665
http://dummyimage.com/207x250.png/ff4444/ffffff,71167
http://dummyimage.com/204x250.bmp/dddddd/000000,27979
http://dummyimage.com/208x250.bmp/dddddd/000000,42733
http://dummyimage.com/200x250.png/ff4444/ffffff,57616
http://dummyimage.com/227x250.jpg/cc0000/ffffff,85700
http://dummyimage.com/240x250.jpg/cc0000/ffffff,60436
http://dummyimage.com/225x250.bmp/cc0000/ffffff,45302
http://dummyimage.com/248x250.png/ff4444/ffffff,74497
http://dummyimage.com/201x250.bmp/ff4444/ffffff,14222
http://dummyimage.com/233x250.png/dddddd/000000,36620
http://dummyimage.com/222x250.jpg/5fa2dd/ffffff,47160
http://dummyimage.com/202x250.png/cc0000/ffffff,13459
http://dummyimage.com/219x250.bmp/cc0000/ffffff,66522
http://dummyimage.com/213x250.bmp/dddddd/000000,82305
http://dummyimage.com/218x250.png/cc0000/ffffff,42505
http://dummyimage.com/221x250.png/ff4444/ffffff,12104
http://dummyimage.com/219x250.png/ff4444/ffffff,84818
http://dummyimage.com/235x250.bmp/dddddd/000000,61537
http://dummyimage.com/208x250.bmp/dddddd/000000,63980
http://dummyimage.com/217x250.png/5fa2dd/ffffff,9743
http://dummyimage.com/228x250.jpg/dddddd/000000,25748
http://dummyimage.com/241x250.jpg/5fa2dd/ffffff,15432
http://dummyimage.com/229x250.bmp/cc0000/ffffff,23408
http://dummyimage.com/202x250.png/dddddd/000000,34128
http://dummyimage.com/201x250.png/5fa2dd/ffffff,90839
http://dummyimage.com/230x250.jpg/5fa2dd/ffffff,53630
http://dummyimage.com/243x250.png/5fa2dd/ffffff,7518
http://dummyimage.com/239x250.bmp/dddddd/000000,61189
http://dummyimage.com/215x250.png/5fa2dd/ffffff,81092
http://dummyimage.com/239x250.bmp/5fa2dd/ffffff,74390
http://dummyimage.com/235x250.png/5fa2dd/ffffff,96938
http://dummyimage.com/216x250.jpg/ff4444/ffffff,20823
http://dummyimage.com/201x250.bmp/ff4444/ffffff,92289
http://dummyimage.com/212x250.bmp/dddddd/000000,50933
http://dummyimage.com/201x250.bmp/ff4444/ffffff,7770
http://dummyimage.com/210x250.bmp/5fa2dd/ffffff,14611
http://dummyimage.com/215x250.jpg/cc0000/ffffff,69987
http://dummyimage.com/219x250.bmp/ff4444/ffffff,37773
http://dummyimage.com/217x250.png/ff4444/ffffff,66343
http://dummyimage.com/205x250.bmp/ff4444/ffffff,56985
http://dummyimage.com/221x250.png/dddddd/000000,49990
http://dummyimage.com/212x250.bmp/cc0000/ffffff,65420
http://dummyimage.com/210x250.png/dddddd/000000,82508
http://dummyimage.com/212x250.bmp/ff4444/ffffff,47392
http://dummyimage.com/214x250.bmp/dddddd/000000,35036
http://dummyimage.com/215x250.bmp/ff4444/ffffff,14180
http://dummyimage.com/206x250.bmp/dddddd/000000,6542
http://dummyimage.com/223x250.bmp/ff4444/ffffff,4706
http://dummyimage.com/211x250.bmp/ff4444/ffffff,74478
http://dummyimage.com/200x250.bmp/dddddd/000000,1607
http://dummyimage.com/230x250.jpg/5fa2dd/ffffff,36176
http://dummyimage.com/226x250.bmp/dddddd/000000,64911
http://dummyimage.com/208x250.bmp/ff4444/ffffff,47385
http://dummyimage.com/244x250.jpg/dddddd/000000,36737
http://dummyimage.com/220x250.bmp/cc0000/ffffff,5582
http://dummyimage.com/232x250.png/cc0000/ffffff,89289
http://dummyimage.com/229x250.bmp/5fa2dd/ffffff,89857
http://dummyimage.com/249x250.bmp/5fa2dd/ffffff,79168
http://dummyimage.com/239x250.png/cc0000/ffffff,48787
http://dummyimage.com/239x250.bmp/dddddd/000000,71405
http://dummyimage.com/205x250.jpg/cc0000/ffffff,52496
http://dummyimage.com/233x250.png/5fa2dd/ffffff,18924
http://dummyimage.com/215x250.png/5fa2dd/ffffff,69293
http://dummyimage.com/202x250.jpg/cc0000/ffffff,65855
http://dummyimage.com/217x250.jpg/dddddd/000000,31347
http://dummyimage.com/239x250.jpg/5fa2dd/ffffff,70282
http://dummyimage.com/212x250.jpg/5fa2dd/ffffff,45885
http://dummyimage.com/248x250.png/5fa2dd/ffffff,66327
http://dummyimage.com/203x250.png/ff4444/ffffff,70414
http://dummyimage.com/241x250.jpg/5fa2dd/ffffff,37868
http://dummyimage.com/228x250.jpg/cc0000/ffffff,75711
http://dummyimage.com/229x250.jpg/dddddd/000000,89346
http://dummyimage.com/250x250.bmp/cc0000/ffffff,62581
http://dummyimage.com/233x250.jpg/dddddd/000000,52684
http://dummyimage.com/203x250.bmp/dddddd/000000,35493
http://dummyimage.com/216x250.jpg/5fa2dd/ffffff,82020
http://dummyimage.com/244x250.bmp/5fa2dd/ffffff,47700
http://dummyimage.com/246x250.png/ff4444/ffffff,21299
http://dummyimage.com/241x250.jpg/5fa2dd/ffffff,78284
http://dummyimage.com/234x250.png/cc0000/ffffff,20019
