name,path_image
Janice Holmes,http://dummyimage.com/800x800.bmp/ff4444/ffffff
Kathryn Hansen,http://dummyimage.com/800x800.bmp/cc0000/ffffff
Brian Russell,http://dummyimage.com/800x800.bmp/dddddd/000000
Rebecca Watson,http://dummyimage.com/800x800.jpg/cc0000/ffffff
Evelyn Hernandez,http://dummyimage.com/800x800.jpg/dddddd/000000
Dennis Holmes,http://dummyimage.com/800x800.jpg/ff4444/ffffff
Jennifer White,http://dummyimage.com/800x800.jpg/dddddd/000000
Carolyn Lee,http://dummyimage.com/800x800.jpg/dddddd/000000
Ruby Burton,http://dummyimage.com/800x800.bmp/dddddd/000000
Susan Taylor,http://dummyimage.com/800x800.png/5fa2dd/ffffff
Bobby Campbell,http://dummyimage.com/800x800.bmp/ff4444/ffffff
Jimmy Dunn,http://dummyimage.com/800x800.png/cc0000/ffffff
Tina Woods,http://dummyimage.com/800x800.bmp/5fa2dd/ffffff
Sandra Young,http://dummyimage.com/800x800.png/cc0000/ffffff
Mary Kelly,http://dummyimage.com/800x800.png/cc0000/ffffff
Harry Hamilton,http://dummyimage.com/800x800.bmp/cc0000/ffffff
Frank Olson,http://dummyimage.com/800x800.bmp/cc0000/ffffff
Walter Cole,http://dummyimage.com/800x800.bmp/5fa2dd/ffffff
Fred Bennett,http://dummyimage.com/800x800.bmp/ff4444/ffffff
Charles Cruz,http://dummyimage.com/800x800.bmp/ff4444/ffffff
Julia Gardner,http://dummyimage.com/800x800.bmp/cc0000/ffffff
Denise Mendoza,http://dummyimage.com/800x800.bmp/cc0000/ffffff
Juan Hawkins,http://dummyimage.com/800x800.jpg/5fa2dd/ffffff
Edward Gray,http://dummyimage.com/800x800.jpg/5fa2dd/ffffff
Julie Hanson,http://dummyimage.com/800x800.bmp/cc0000/ffffff
Kelly Washington,http://dummyimage.com/800x800.bmp/cc0000/ffffff
Jason Hunter,http://dummyimage.com/800x800.png/ff4444/ffffff
Robin Fuller,http://dummyimage.com/800x800.bmp/5fa2dd/ffffff
Katherine Carter,http://dummyimage.com/800x800.jpg/dddddd/000000
Samuel Hunter,http://dummyimage.com/800x800.jpg/ff4444/ffffff
Frances Martinez,http://dummyimage.com/800x800.bmp/cc0000/ffffff
Steven Olson,http://dummyimage.com/800x800.jpg/ff4444/ffffff
Phillip Washington,http://dummyimage.com/800x800.jpg/ff4444/ffffff
Robert Lane,http://dummyimage.com/800x800.jpg/5fa2dd/ffffff
Jimmy Wood,http://dummyimage.com/800x800.bmp/dddddd/000000
Jessica Black,http://dummyimage.com/800x800.jpg/ff4444/ffffff
Peter Perry,http://dummyimage.com/800x800.png/ff4444/ffffff
Christine Clark,http://dummyimage.com/800x800.bmp/5fa2dd/ffffff
Bobby Sanders,http://dummyimage.com/800x800.jpg/5fa2dd/ffffff
Laura Burke,http://dummyimage.com/800x800.bmp/5fa2dd/ffffff
Larry Collins,http://dummyimage.com/800x800.bmp/cc0000/ffffff
Terry Robinson,http://dummyimage.com/800x800.bmp/5fa2dd/ffffff
Anthony Torres,http://dummyimage.com/800x800.bmp/5fa2dd/ffffff
Henry Vasquez,http://dummyimage.com/800x800.png/5fa2dd/ffffff
Robin Lopez,http://dummyimage.com/800x800.png/cc0000/ffffff
Karen Robertson,http://dummyimage.com/800x800.jpg/cc0000/ffffff
Jacqueline Elliott,http://dummyimage.com/800x800.bmp/ff4444/ffffff
David Dunn,http://dummyimage.com/800x800.png/cc0000/ffffff
Andrea Cooper,http://dummyimage.com/800x800.png/5fa2dd/ffffff
Thomas Reid,http://dummyimage.com/800x800.bmp/ff4444/ffffff
Elizabeth Dean,http://dummyimage.com/800x800.jpg/ff4444/ffffff
Joseph Hart,http://dummyimage.com/800x800.png/cc0000/ffffff
Eric Collins,http://dummyimage.com/800x800.png/ff4444/ffffff
Jose White,http://dummyimage.com/800x800.jpg/5fa2dd/ffffff
Gregory Hernandez,http://dummyimage.com/800x800.jpg/cc0000/ffffff
Laura Williamson,http://dummyimage.com/800x800.png/dddddd/000000
Larry Hill,http://dummyimage.com/800x800.png/5fa2dd/ffffff
Shirley Stone,http://dummyimage.com/800x800.jpg/cc0000/ffffff
Wanda Bradley,http://dummyimage.com/800x800.png/dddddd/000000
Earl Larson,http://dummyimage.com/800x800.png/dddddd/000000
Irene Lawrence,http://dummyimage.com/800x800.bmp/cc0000/ffffff
Albert Johnson,http://dummyimage.com/800x800.png/cc0000/ffffff
Beverly Morris,http://dummyimage.com/800x800.png/5fa2dd/ffffff
Mary Dean,http://dummyimage.com/800x800.png/dddddd/000000
Ann Fuller,http://dummyimage.com/800x800.bmp/5fa2dd/ffffff
Carol Fuller,http://dummyimage.com/800x800.png/dddddd/000000
Bobby Webb,http://dummyimage.com/800x800.bmp/dddddd/000000
Ann Stanley,http://dummyimage.com/800x800.jpg/5fa2dd/ffffff
Frances Riley,http://dummyimage.com/800x800.bmp/5fa2dd/ffffff
Margaret Henderson,http://dummyimage.com/800x800.bmp/ff4444/ffffff
Justin Turner,http://dummyimage.com/800x800.jpg/dddddd/000000
Virginia Jones,http://dummyimage.com/800x800.png/ff4444/ffffff
Katherine Burton,http://dummyimage.com/800x800.jpg/cc0000/ffffff
Brian Flores,http://dummyimage.com/800x800.png/cc0000/ffffff
Julie Gomez,http://dummyimage.com/800x800.jpg/dddddd/000000
Theresa Kelly,http://dummyimage.com/800x800.jpg/dddddd/000000
Catherine Martin,http://dummyimage.com/800x800.png/5fa2dd/ffffff
Diana Kim,http://dummyimage.com/800x800.png/cc0000/ffffff
Charles Patterson,http://dummyimage.com/800x800.png/cc0000/ffffff
Frances Stephens,http://dummyimage.com/800x800.bmp/ff4444/ffffff
Matthew Daniels,http://dummyimage.com/800x800.bmp/ff4444/ffffff
Karen Woods,http://dummyimage.com/800x800.bmp/ff4444/ffffff
Louise Montgomery,http://dummyimage.com/800x800.png/cc0000/ffffff
Timothy Brooks,http://dummyimage.com/800x800.png/dddddd/000000
Jerry Wheeler,http://dummyimage.com/800x800.jpg/ff4444/ffffff
Bobby Lopez,http://dummyimage.com/800x800.png/cc0000/ffffff
Lawrence Garrett,http://dummyimage.com/800x800.png/5fa2dd/ffffff
Willie Phillips,http://dummyimage.com/800x800.jpg/cc0000/ffffff
Janet Hamilton,http://dummyimage.com/800x800.png/dddddd/000000
Kathleen Robinson,http://dummyimage.com/800x800.png/5fa2dd/ffffff
Dorothy Parker,http://dummyimage.com/800x800.bmp/dddddd/000000
James Mills,http://dummyimage.com/800x800.bmp/dddddd/000000
Debra Morales,http://dummyimage.com/800x800.jpg/dddddd/000000
Lillian Rice,http://dummyimage.com/800x800.bmp/dddddd/000000
Paula Foster,http://dummyimage.com/800x800.jpg/5fa2dd/ffffff
Adam Henderson,http://dummyimage.com/800x800.bmp/cc0000/ffffff
Jane Torres,http://dummyimage.com/800x800.png/cc0000/ffffff
Gerald Perkins,http://dummyimage.com/800x800.bmp/ff4444/ffffff
Gloria Graham,http://dummyimage.com/800x800.bmp/ff4444/ffffff
Janice Tucker,http://dummyimage.com/800x800.jpg/dddddd/000000
Diane West,http://dummyimage.com/800x800.jpg/ff4444/ffffff
Clarence Rose,http://dummyimage.com/800x800.bmp/cc0000/ffffff
Angela Jackson,http://dummyimage.com/800x800.png/cc0000/ffffff
Susan Wallace,http://dummyimage.com/800x800.png/ff4444/ffffff
Anthony Thomas,http://dummyimage.com/800x800.png/cc0000/ffffff
Helen Matthews,http://dummyimage.com/800x800.bmp/ff4444/ffffff
Thomas Bowman,http://dummyimage.com/800x800.png/ff4444/ffffff
Peter Hunter,http://dummyimage.com/800x800.png/ff4444/ffffff
Peter Hernandez,http://dummyimage.com/800x800.bmp/ff4444/ffffff
Donald Hudson,http://dummyimage.com/800x800.bmp/5fa2dd/ffffff
Charles Dunn,http://dummyimage.com/800x800.jpg/ff4444/ffffff
Andrew Rogers,http://dummyimage.com/800x800.bmp/ff4444/ffffff
Robin Crawford,http://dummyimage.com/800x800.bmp/ff4444/ffffff
Beverly Lopez,http://dummyimage.com/800x800.png/cc0000/ffffff
Christina Simmons,http://dummyimage.com/800x800.png/ff4444/ffffff
Eric Burke,http://dummyimage.com/800x800.jpg/cc0000/ffffff
Anthony Woods,http://dummyimage.com/800x800.jpg/ff4444/ffffff
Justin Ford,http://dummyimage.com/800x800.jpg/ff4444/ffffff
Charles Romero,http://dummyimage.com/800x800.jpg/dddddd/000000
Ralph Young,http://dummyimage.com/800x800.jpg/ff4444/ffffff
Maria Fox,http://dummyimage.com/800x800.bmp/ff4444/ffffff
Lori Brown,http://dummyimage.com/800x800.png/dddddd/000000
Albert Porter,http://dummyimage.com/800x800.bmp/5fa2dd/ffffff
Kimberly White,http://dummyimage.com/800x800.bmp/5fa2dd/ffffff
Jean Garrett,http://dummyimage.com/800x800.jpg/ff4444/ffffff
Laura Campbell,http://dummyimage.com/800x800.jpg/cc0000/ffffff
Jonathan Vasquez,http://dummyimage.com/800x800.png/cc0000/ffffff
Ashley Austin,http://dummyimage.com/800x800.jpg/cc0000/ffffff
Kevin Richardson,http://dummyimage.com/800x800.bmp/dddddd/000000
Marie Shaw,http://dummyimage.com/800x800.jpg/dddddd/000000
Timothy Ross,http://dummyimage.com/800x800.png/5fa2dd/ffffff
Andrew Powell,http://dummyimage.com/800x800.png/cc0000/ffffff
Diane Kennedy,http://dummyimage.com/800x800.png/5fa2dd/ffffff
Julie Harrison,http://dummyimage.com/800x800.bmp/ff4444/ffffff
Janet Sanchez,http://dummyimage.com/800x800.jpg/5fa2dd/ffffff
Samuel Willis,http://dummyimage.com/800x800.bmp/cc0000/ffffff
Joe Hawkins,http://dummyimage.com/800x800.jpg/ff4444/ffffff
Beverly Larson,http://dummyimage.com/800x800.bmp/ff4444/ffffff
Theresa King,http://dummyimage.com/800x800.jpg/5fa2dd/ffffff
Ryan Carpenter,http://dummyimage.com/800x800.jpg/cc0000/ffffff
Roger Gordon,http://dummyimage.com/800x800.png/cc0000/ffffff
Justin Martin,http://dummyimage.com/800x800.bmp/ff4444/ffffff
Brian Turner,http://dummyimage.com/800x800.jpg/5fa2dd/ffffff
Clarence Fisher,http://dummyimage.com/800x800.jpg/dddddd/000000
Norma Burns,http://dummyimage.com/800x800.png/dddddd/000000
Carl Butler,http://dummyimage.com/800x800.png/dddddd/000000
Melissa Harper,http://dummyimage.com/800x800.jpg/5fa2dd/ffffff
Phillip Rose,http://dummyimage.com/800x800.jpg/dddddd/000000
Paul Lynch,http://dummyimage.com/800x800.bmp/ff4444/ffffff
Paul Wagner,http://dummyimage.com/800x800.jpg/5fa2dd/ffffff
Eric Miller,http://dummyimage.com/800x800.png/cc0000/ffffff
Emily Lewis,http://dummyimage.com/800x800.bmp/cc0000/ffffff
Edward Medina,http://dummyimage.com/800x800.png/cc0000/ffffff
Raymond Kennedy,http://dummyimage.com/800x800.png/ff4444/ffffff
Nicholas Ford,http://dummyimage.com/800x800.png/5fa2dd/ffffff
Carol Hill,http://dummyimage.com/800x800.bmp/ff4444/ffffff
Shawn Welch,http://dummyimage.com/800x800.png/5fa2dd/ffffff
Adam Payne,http://dummyimage.com/800x800.jpg/ff4444/ffffff
Peter Meyer,http://dummyimage.com/800x800.bmp/cc0000/ffffff
Rebecca Ward,http://dummyimage.com/800x800.png/ff4444/ffffff
Anne Reynolds,http://dummyimage.com/800x800.jpg/5fa2dd/ffffff
Donna Thompson,http://dummyimage.com/800x800.jpg/ff4444/ffffff
Steve Morrison,http://dummyimage.com/800x800.bmp/ff4444/ffffff
Evelyn Bowman,http://dummyimage.com/800x800.bmp/5fa2dd/ffffff
Diane Turner,http://dummyimage.com/800x800.bmp/ff4444/ffffff
Julia Phillips,http://dummyimage.com/800x800.jpg/dddddd/000000
Lillian Sullivan,http://dummyimage.com/800x800.bmp/ff4444/ffffff
Albert Franklin,http://dummyimage.com/800x800.png/5fa2dd/ffffff
Joan Kelley,http://dummyimage.com/800x800.bmp/5fa2dd/ffffff
Phyllis Coleman,http://dummyimage.com/800x800.bmp/dddddd/000000
George Reyes,http://dummyimage.com/800x800.bmp/5fa2dd/ffffff
Ruth Hayes,http://dummyimage.com/800x800.png/ff4444/ffffff
Janet Porter,http://dummyimage.com/800x800.png/dddddd/000000
Patricia Anderson,http://dummyimage.com/800x800.jpg/dddddd/000000
Kathy Wells,http://dummyimage.com/800x800.bmp/cc0000/ffffff
Theresa Gordon,http://dummyimage.com/800x800.bmp/cc0000/ffffff
Karen Cooper,http://dummyimage.com/800x800.png/cc0000/ffffff
Betty Brown,http://dummyimage.com/800x800.png/dddddd/000000
Douglas Taylor,http://dummyimage.com/800x800.jpg/ff4444/ffffff
Deborah Bennett,http://dummyimage.com/800x800.bmp/cc0000/ffffff
Emily Turner,http://dummyimage.com/800x800.png/ff4444/ffffff
Sharon Pierce,http://dummyimage.com/800x800.png/dddddd/000000
Irene Perez,http://dummyimage.com/800x800.bmp/cc0000/ffffff
Cheryl Campbell,http://dummyimage.com/800x800.jpg/cc0000/ffffff
Carlos Allen,http://dummyimage.com/800x800.png/cc0000/ffffff
Karen Alvarez,http://dummyimage.com/800x800.bmp/dddddd/000000
Billy Gutierrez,http://dummyimage.com/800x800.png/dddddd/000000
Shawn Edwards,http://dummyimage.com/800x800.png/5fa2dd/ffffff
Jack Walker,http://dummyimage.com/800x800.jpg/5fa2dd/ffffff
Ronald Crawford,http://dummyimage.com/800x800.jpg/ff4444/ffffff
Walter Fowler,http://dummyimage.com/800x800.bmp/ff4444/ffffff
Diana Hanson,http://dummyimage.com/800x800.bmp/5fa2dd/ffffff
Julia Kennedy,http://dummyimage.com/800x800.jpg/5fa2dd/ffffff
Stephen Sanders,http://dummyimage.com/800x800.jpg/cc0000/ffffff
Keith Mills,http://dummyimage.com/800x800.png/ff4444/ffffff
Shirley Kelley,http://dummyimage.com/800x800.jpg/cc0000/ffffff
Katherine Robertson,http://dummyimage.com/800x800.bmp/dddddd/000000
Justin Stevens,http://dummyimage.com/800x800.png/cc0000/ffffff
Jose Ellis,http://dummyimage.com/800x800.png/ff4444/ffffff
Ronald Rogers,http://dummyimage.com/800x800.bmp/ff4444/ffffff
Richard Hernandez,http://dummyimage.com/800x800.png/5fa2dd/ffffff
Cynthia Cox,http://dummyimage.com/800x800.bmp/cc0000/ffffff
Barbara Howell,http://dummyimage.com/800x800.jpg/cc0000/ffffff
Christina Porter,http://dummyimage.com/800x800.jpg/5fa2dd/ffffff
Kelly Moore,http://dummyimage.com/800x800.bmp/5fa2dd/ffffff
Kathleen Burton,http://dummyimage.com/800x800.bmp/dddddd/000000
Johnny Marshall,http://dummyimage.com/800x800.png/cc0000/ffffff
Randy Romero,http://dummyimage.com/800x800.bmp/dddddd/000000
Helen Matthews,http://dummyimage.com/800x800.bmp/cc0000/ffffff
Brenda Freeman,http://dummyimage.com/800x800.png/ff4444/ffffff
Deborah Montgomery,http://dummyimage.com/800x800.bmp/ff4444/ffffff
Janice Freeman,http://dummyimage.com/800x800.png/ff4444/ffffff
Jean Murray,http://dummyimage.com/800x800.png/cc0000/ffffff
Kathleen Graham,http://dummyimage.com/800x800.bmp/ff4444/ffffff
Irene Wells,http://dummyimage.com/800x800.bmp/5fa2dd/ffffff
Margaret Wood,http://dummyimage.com/800x800.jpg/ff4444/ffffff
Juan Powell,http://dummyimage.com/800x800.bmp/cc0000/ffffff
Daniel Ferguson,http://dummyimage.com/800x800.jpg/ff4444/ffffff
Wanda Banks,http://dummyimage.com/800x800.png/5fa2dd/ffffff
Sharon Dixon,http://dummyimage.com/800x800.bmp/ff4444/ffffff
Bonnie Miller,http://dummyimage.com/800x800.png/5fa2dd/ffffff
Norma Sanchez,http://dummyimage.com/800x800.jpg/dddddd/000000
Aaron Watson,http://dummyimage.com/800x800.bmp/cc0000/ffffff
Louis Morrison,http://dummyimage.com/800x800.jpg/cc0000/ffffff
Donald Henry,http://dummyimage.com/800x800.png/cc0000/ffffff
Carol Mason,http://dummyimage.com/800x800.png/5fa2dd/ffffff
Jessica Berry,http://dummyimage.com/800x800.png/5fa2dd/ffffff
Raymond Meyer,http://dummyimage.com/800x800.png/5fa2dd/ffffff
Maria Butler,http://dummyimage.com/800x800.png/cc0000/ffffff
Stephen Mitchell,http://dummyimage.com/800x800.png/dddddd/000000
Jimmy Howard,http://dummyimage.com/800x800.png/ff4444/ffffff
Kevin Rogers,http://dummyimage.com/800x800.png/cc0000/ffffff
Craig Allen,http://dummyimage.com/800x800.bmp/5fa2dd/ffffff
Alan Smith,http://dummyimage.com/800x800.jpg/5fa2dd/ffffff
Martha Gomez,http://dummyimage.com/800x800.jpg/cc0000/ffffff
Howard Cole,http://dummyimage.com/800x800.jpg/cc0000/ffffff
Steve Mccoy,http://dummyimage.com/800x800.jpg/5fa2dd/ffffff
Christine Sullivan,http://dummyimage.com/800x800.bmp/ff4444/ffffff
Patricia Brown,http://dummyimage.com/800x800.bmp/ff4444/ffffff
Tammy Lynch,http://dummyimage.com/800x800.bmp/5fa2dd/ffffff
Jerry Owens,http://dummyimage.com/800x800.jpg/5fa2dd/ffffff
Patricia Bishop,http://dummyimage.com/800x800.png/5fa2dd/ffffff
Cynthia Bell,http://dummyimage.com/800x800.jpg/ff4444/ffffff
Beverly Willis,http://dummyimage.com/800x800.png/dddddd/000000
Sharon Price,http://dummyimage.com/800x800.bmp/cc0000/ffffff
Antonio Lopez,http://dummyimage.com/800x800.jpg/5fa2dd/ffffff
Philip Evans,http://dummyimage.com/800x800.jpg/cc0000/ffffff
Susan Greene,http://dummyimage.com/800x800.png/5fa2dd/ffffff
Jerry Little,http://dummyimage.com/800x800.bmp/cc0000/ffffff
Alan Arnold,http://dummyimage.com/800x800.jpg/dddddd/000000
George Mcdonald,http://dummyimage.com/800x800.jpg/5fa2dd/ffffff
Jimmy Carter,http://dummyimage.com/800x800.bmp/ff4444/ffffff
Ronald Cunningham,http://dummyimage.com/800x800.bmp/cc0000/ffffff
Carolyn Dunn,http://dummyimage.com/800x800.jpg/5fa2dd/ffffff
Gary Oliver,http://dummyimage.com/800x800.png/ff4444/ffffff
Richard Spencer,http://dummyimage.com/800x800.jpg/cc0000/ffffff
Debra Ross,http://dummyimage.com/800x800.png/5fa2dd/ffffff
Brian Cox,http://dummyimage.com/800x800.png/5fa2dd/ffffff
Gregory Gomez,http://dummyimage.com/800x800.jpg/ff4444/ffffff
Fred Chavez,http://dummyimage.com/800x800.bmp/dddddd/000000
Virginia Perez,http://dummyimage.com/800x800.bmp/cc0000/ffffff
Alan Perry,http://dummyimage.com/800x800.bmp/cc0000/ffffff
Andrew Dean,http://dummyimage.com/800x800.png/ff4444/ffffff
Alan Thompson,http://dummyimage.com/800x800.jpg/dddddd/000000
Heather Hunt,http://dummyimage.com/800x800.bmp/5fa2dd/ffffff
George Patterson,http://dummyimage.com/800x800.jpg/cc0000/ffffff
Rachel Palmer,http://dummyimage.com/800x800.bmp/5fa2dd/ffffff
Howard Ross,http://dummyimage.com/800x800.bmp/ff4444/ffffff
Keith Hunter,http://dummyimage.com/800x800.bmp/cc0000/ffffff
Donna Mitchell,http://dummyimage.com/800x800.png/dddddd/000000
Lori Berry,http://dummyimage.com/800x800.bmp/ff4444/ffffff
Catherine Reed,http://dummyimage.com/800x800.png/5fa2dd/ffffff
Jacqueline Washington,http://dummyimage.com/800x800.png/dddddd/000000
Roger Gomez,http://dummyimage.com/800x800.jpg/dddddd/000000
Evelyn Long,http://dummyimage.com/800x800.bmp/cc0000/ffffff
Sean Oliver,http://dummyimage.com/800x800.png/5fa2dd/ffffff
Frank Williams,http://dummyimage.com/800x800.bmp/5fa2dd/ffffff
Adam Reyes,http://dummyimage.com/800x800.png/5fa2dd/ffffff
Jane Holmes,http://dummyimage.com/800x800.png/dddddd/000000
Jessica Sanchez,http://dummyimage.com/800x800.png/5fa2dd/ffffff
Rachel Payne,http://dummyimage.com/800x800.bmp/ff4444/ffffff
Billy Webb,http://dummyimage.com/800x800.bmp/5fa2dd/ffffff
Sandra Rice,http://dummyimage.com/800x800.jpg/dddddd/000000
Walter Richards,http://dummyimage.com/800x800.jpg/ff4444/ffffff
Willie Banks,http://dummyimage.com/800x800.jpg/5fa2dd/ffffff
Lisa Reynolds,http://dummyimage.com/800x800.jpg/5fa2dd/ffffff
Brenda Patterson,http://dummyimage.com/800x800.png/5fa2dd/ffffff
Randy Boyd,http://dummyimage.com/800x800.png/5fa2dd/ffffff
Ronald Kennedy,http://dummyimage.com/800x800.png/ff4444/ffffff
Kevin Robertson,http://dummyimage.com/800x800.png/ff4444/ffffff
Philip Richards,http://dummyimage.com/800x800.png/5fa2dd/ffffff
Angela Barnes,http://dummyimage.com/800x800.png/cc0000/ffffff
Carlos Matthews,http://dummyimage.com/800x800.bmp/cc0000/ffffff
Martha Lawrence,http://dummyimage.com/800x800.bmp/ff4444/ffffff
Justin Dixon,http://dummyimage.com/800x800.png/dddddd/000000
George Fowler,http://dummyimage.com/800x800.bmp/dddddd/000000
Stephanie Cook,http://dummyimage.com/800x800.png/5fa2dd/ffffff
Fred Taylor,http://dummyimage.com/800x800.png/dddddd/000000
William Morgan,http://dummyimage.com/800x800.png/cc0000/ffffff
Ralph Henry,http://dummyimage.com/800x800.jpg/dddddd/000000
Sandra Moreno,http://dummyimage.com/800x800.jpg/5fa2dd/ffffff
Kimberly Freeman,http://dummyimage.com/800x800.png/dddddd/000000
John Cole,http://dummyimage.com/800x800.bmp/cc0000/ffffff
Lori George,http://dummyimage.com/800x800.png/5fa2dd/ffffff
Nicole Gomez,http://dummyimage.com/800x800.bmp/5fa2dd/ffffff
Brian Harper,http://dummyimage.com/800x800.jpg/5fa2dd/ffffff
Harry Wallace,http://dummyimage.com/800x800.jpg/ff4444/ffffff
Clarence Lane,http://dummyimage.com/800x800.png/5fa2dd/ffffff
Ralph Ramos,http://dummyimage.com/800x800.png/5fa2dd/ffffff
Susan Bradley,http://dummyimage.com/800x800.png/ff4444/ffffff
Norma James,http://dummyimage.com/800x800.png/dddddd/000000
Jessica Wood,http://dummyimage.com/800x800.png/5fa2dd/ffffff
Mildred Lawrence,http://dummyimage.com/800x800.png/dddddd/000000
Janice Adams,http://dummyimage.com/800x800.png/5fa2dd/ffffff
Deborah Daniels,http://dummyimage.com/800x800.bmp/dddddd/000000
Amanda Frazier,http://dummyimage.com/800x800.bmp/dddddd/000000
Sean Willis,http://dummyimage.com/800x800.jpg/ff4444/ffffff
Kelly Anderson,http://dummyimage.com/800x800.jpg/5fa2dd/ffffff
Ruby Olson,http://dummyimage.com/800x800.bmp/5fa2dd/ffffff
Linda Gray,http://dummyimage.com/800x800.bmp/ff4444/ffffff
Maria Richards,http://dummyimage.com/800x800.jpg/5fa2dd/ffffff
Jane Simmons,http://dummyimage.com/800x800.png/ff4444/ffffff
Diane Dunn,http://dummyimage.com/800x800.jpg/cc0000/ffffff
Clarence Stone,http://dummyimage.com/800x800.bmp/5fa2dd/ffffff
Clarence Foster,http://dummyimage.com/800x800.png/ff4444/ffffff
Robert Jordan,http://dummyimage.com/800x800.png/dddddd/000000
Virginia Cook,http://dummyimage.com/800x800.jpg/cc0000/ffffff
Raymond Johnson,http://dummyimage.com/800x800.bmp/ff4444/ffffff
Steven Hicks,http://dummyimage.com/800x800.bmp/dddddd/000000
Jennifer Mills,http://dummyimage.com/800x800.png/dddddd/000000
Doris Ryan,http://dummyimage.com/800x800.jpg/dddddd/000000
John Perkins,http://dummyimage.com/800x800.bmp/ff4444/ffffff
Brenda Kim,http://dummyimage.com/800x800.png/cc0000/ffffff
Tammy Long,http://dummyimage.com/800x800.jpg/ff4444/ffffff
Todd Phillips,http://dummyimage.com/800x800.jpg/dddddd/000000
Nicholas Hudson,http://dummyimage.com/800x800.bmp/5fa2dd/ffffff
Albert Arnold,http://dummyimage.com/800x800.bmp/dddddd/000000
Frank James,http://dummyimage.com/800x800.png/cc0000/ffffff
Terry Bell,http://dummyimage.com/800x800.png/5fa2dd/ffffff
Tina Hayes,http://dummyimage.com/800x800.jpg/5fa2dd/ffffff
Janice Gonzales,http://dummyimage.com/800x800.png/dddddd/000000
Pamela Hayes,http://dummyimage.com/800x800.png/dddddd/000000
Robert Price,http://dummyimage.com/800x800.jpg/cc0000/ffffff
Irene Cruz,http://dummyimage.com/800x800.png/dddddd/000000
Jose Castillo,http://dummyimage.com/800x800.jpg/ff4444/ffffff
Julie Nguyen,http://dummyimage.com/800x800.bmp/ff4444/ffffff
Joan Jordan,http://dummyimage.com/800x800.png/dddddd/000000
Janice Lawrence,http://dummyimage.com/800x800.jpg/cc0000/ffffff
Andrea Jones,http://dummyimage.com/800x800.png/ff4444/ffffff
Alan Rice,http://dummyimage.com/800x800.bmp/ff4444/ffffff
Amy Gray,http://dummyimage.com/800x800.png/cc0000/ffffff
Rose Johnston,http://dummyimage.com/800x800.png/dddddd/000000
Eric Cunningham,http://dummyimage.com/800x800.bmp/5fa2dd/ffffff
Lillian Kelley,http://dummyimage.com/800x800.png/ff4444/ffffff
Scott Hill,http://dummyimage.com/800x800.bmp/dddddd/000000
Janice Carroll,http://dummyimage.com/800x800.bmp/dddddd/000000
Chris Morrison,http://dummyimage.com/800x800.png/dddddd/000000
Douglas Bennett,http://dummyimage.com/800x800.png/cc0000/ffffff
Angela Hansen,http://dummyimage.com/800x800.png/5fa2dd/ffffff
Justin Owens,http://dummyimage.com/800x800.jpg/cc0000/ffffff
Janet Watson,http://dummyimage.com/800x800.png/dddddd/000000
Dennis Harrison,http://dummyimage.com/800x800.bmp/ff4444/ffffff
Margaret Johnston,http://dummyimage.com/800x800.png/dddddd/000000
Paula Carpenter,http://dummyimage.com/800x800.jpg/dddddd/000000
Arthur Stephens,http://dummyimage.com/800x800.jpg/cc0000/ffffff
Janice Larson,http://dummyimage.com/800x800.bmp/dddddd/000000
Richard Myers,http://dummyimage.com/800x800.bmp/ff4444/ffffff
Ashley Lewis,http://dummyimage.com/800x800.jpg/5fa2dd/ffffff
Betty Wells,http://dummyimage.com/800x800.jpg/cc0000/ffffff
Carlos Weaver,http://dummyimage.com/800x800.bmp/dddddd/000000
Bobby Wood,http://dummyimage.com/800x800.png/cc0000/ffffff
Arthur Reyes,http://dummyimage.com/800x800.jpg/cc0000/ffffff
William Myers,http://dummyimage.com/800x800.bmp/cc0000/ffffff
Roger Rivera,http://dummyimage.com/800x800.png/dddddd/000000
Joshua Dunn,http://dummyimage.com/800x800.bmp/5fa2dd/ffffff
Diana Edwards,http://dummyimage.com/800x800.jpg/dddddd/000000
Rachel Reed,http://dummyimage.com/800x800.png/dddddd/000000
Mary Thompson,http://dummyimage.com/800x800.bmp/5fa2dd/ffffff
Philip Cole,http://dummyimage.com/800x800.bmp/dddddd/000000
Jerry Matthews,http://dummyimage.com/800x800.png/5fa2dd/ffffff
Andrew Harvey,http://dummyimage.com/800x800.bmp/cc0000/ffffff
Patricia Lopez,http://dummyimage.com/800x800.bmp/ff4444/ffffff
Willie Pierce,http://dummyimage.com/800x800.jpg/dddddd/000000
Frances Martinez,http://dummyimage.com/800x800.bmp/cc0000/ffffff
Doris Allen,http://dummyimage.com/800x800.bmp/ff4444/ffffff
Robert Sullivan,http://dummyimage.com/800x800.jpg/dddddd/000000
Phyllis Brown,http://dummyimage.com/800x800.png/dddddd/000000
Janet Turner,http://dummyimage.com/800x800.bmp/ff4444/ffffff
Victor Holmes,http://dummyimage.com/800x800.png/dddddd/000000
Stephanie Bryant,http://dummyimage.com/800x800.jpg/5fa2dd/ffffff
Sharon Thomas,http://dummyimage.com/800x800.jpg/5fa2dd/ffffff
Julie Mendoza,http://dummyimage.com/800x800.bmp/ff4444/ffffff
Arthur Greene,http://dummyimage.com/800x800.png/ff4444/ffffff
Amanda Fernandez,http://dummyimage.com/800x800.bmp/dddddd/000000
Alan Payne,http://dummyimage.com/800x800.jpg/dddddd/000000
Judith Romero,http://dummyimage.com/800x800.jpg/dddddd/000000
Carol Williams,http://dummyimage.com/800x800.png/ff4444/ffffff
Juan Martin,http://dummyimage.com/800x800.jpg/ff4444/ffffff
Steven Bowman,http://dummyimage.com/800x800.bmp/cc0000/ffffff
Joe Gordon,http://dummyimage.com/800x800.jpg/ff4444/ffffff
Walter Jacobs,http://dummyimage.com/800x800.png/5fa2dd/ffffff
Nancy King,http://dummyimage.com/800x800.bmp/cc0000/ffffff
William Dean,http://dummyimage.com/800x800.bmp/ff4444/ffffff
Thomas Mason,http://dummyimage.com/800x800.jpg/dddddd/000000
Ronald Evans,http://dummyimage.com/800x800.jpg/dddddd/000000
Ronald Hawkins,http://dummyimage.com/800x800.jpg/5fa2dd/ffffff
Steven Peterson,http://dummyimage.com/800x800.jpg/cc0000/ffffff
Joe Cox,http://dummyimage.com/800x800.jpg/cc0000/ffffff
Jose Lane,http://dummyimage.com/800x800.jpg/ff4444/ffffff
Nancy Jordan,http://dummyimage.com/800x800.png/ff4444/ffffff
Rachel Cook,http://dummyimage.com/800x800.jpg/5fa2dd/ffffff
Ronald Harvey,http://dummyimage.com/800x800.jpg/ff4444/ffffff
Jerry Price,http://dummyimage.com/800x800.png/5fa2dd/ffffff
Judith Brown,http://dummyimage.com/800x800.jpg/dddddd/000000
Roy Little,http://dummyimage.com/800x800.png/ff4444/ffffff
Martha Ford,http://dummyimage.com/800x800.png/ff4444/ffffff
Justin Burns,http://dummyimage.com/800x800.png/5fa2dd/ffffff
Peter Carter,http://dummyimage.com/800x800.jpg/cc0000/ffffff
Susan Hill,http://dummyimage.com/800x800.bmp/ff4444/ffffff
Brandon Reynolds,http://dummyimage.com/800x800.bmp/cc0000/ffffff
Alan Ryan,http://dummyimage.com/800x800.bmp/5fa2dd/ffffff
Richard Hayes,http://dummyimage.com/800x800.png/ff4444/ffffff
Dennis Lee,http://dummyimage.com/800x800.jpg/dddddd/000000
Steven Washington,http://dummyimage.com/800x800.png/5fa2dd/ffffff
Linda Andrews,http://dummyimage.com/800x800.bmp/5fa2dd/ffffff
Sharon West,http://dummyimage.com/800x800.jpg/5fa2dd/ffffff
Helen Jones,http://dummyimage.com/800x800.png/ff4444/ffffff
Diana Bishop,http://dummyimage.com/800x800.jpg/cc0000/ffffff
Frank Mason,http://dummyimage.com/800x800.png/cc0000/ffffff
Joseph Harper,http://dummyimage.com/800x800.png/ff4444/ffffff
Helen Austin,http://dummyimage.com/800x800.bmp/dddddd/000000
Michelle Gordon,http://dummyimage.com/800x800.jpg/5fa2dd/ffffff
Linda Gordon,http://dummyimage.com/800x800.jpg/cc0000/ffffff
Shirley Gray,http://dummyimage.com/800x800.png/cc0000/ffffff
Jason Duncan,http://dummyimage.com/800x800.jpg/cc0000/ffffff
Janet Adams,http://dummyimage.com/800x800.png/cc0000/ffffff
Carolyn Wagner,http://dummyimage.com/800x800.bmp/dddddd/000000
Sarah Perkins,http://dummyimage.com/800x800.png/dddddd/000000
Theresa Adams,http://dummyimage.com/800x800.bmp/cc0000/ffffff
Roy Campbell,http://dummyimage.com/800x800.bmp/ff4444/ffffff
Janice Martinez,http://dummyimage.com/800x800.bmp/ff4444/ffffff
Brenda Hernandez,http://dummyimage.com/800x800.bmp/cc0000/ffffff
Lori Chavez,http://dummyimage.com/800x800.jpg/5fa2dd/ffffff
Martha Roberts,http://dummyimage.com/800x800.bmp/cc0000/ffffff
Betty George,http://dummyimage.com/800x800.png/dddddd/000000
Wanda Morris,http://dummyimage.com/800x800.jpg/cc0000/ffffff
Andrew Duncan,http://dummyimage.com/800x800.png/5fa2dd/ffffff
Rebecca Myers,http://dummyimage.com/800x800.jpg/ff4444/ffffff
Roy Willis,http://dummyimage.com/800x800.bmp/ff4444/ffffff
Rachel Black,http://dummyimage.com/800x800.png/ff4444/ffffff
Joe Tucker,http://dummyimage.com/800x800.png/ff4444/ffffff
Anna Morris,http://dummyimage.com/800x800.jpg/cc0000/ffffff
Roger Moore,http://dummyimage.com/800x800.png/dddddd/000000
Irene Reid,http://dummyimage.com/800x800.bmp/cc0000/ffffff
Lois Thomas,http://dummyimage.com/800x800.png/dddddd/000000
Irene Hansen,http://dummyimage.com/800x800.png/ff4444/ffffff
Angela Robinson,http://dummyimage.com/800x800.jpg/dddddd/000000
Lisa Wood,http://dummyimage.com/800x800.bmp/cc0000/ffffff
Harold Moore,http://dummyimage.com/800x800.bmp/5fa2dd/ffffff
Teresa Gray,http://dummyimage.com/800x800.png/ff4444/ffffff
Joe Larson,http://dummyimage.com/800x800.png/cc0000/ffffff
Jerry Peterson,http://dummyimage.com/800x800.jpg/cc0000/ffffff
Dennis Willis,http://dummyimage.com/800x800.png/ff4444/ffffff
Keith Parker,http://dummyimage.com/800x800.bmp/dddddd/000000
Joyce Vasquez,http://dummyimage.com/800x800.png/cc0000/ffffff
Bobby Washington,http://dummyimage.com/800x800.jpg/ff4444/ffffff
Brenda Larson,http://dummyimage.com/800x800.png/5fa2dd/ffffff
Cynthia Sullivan,http://dummyimage.com/800x800.png/dddddd/000000
Barbara Harrison,http://dummyimage.com/800x800.jpg/ff4444/ffffff
Tammy Austin,http://dummyimage.com/800x800.bmp/5fa2dd/ffffff
Susan Bennett,http://dummyimage.com/800x800.bmp/cc0000/ffffff
Lois Wilson,http://dummyimage.com/800x800.bmp/5fa2dd/ffffff
Diane Alvarez,http://dummyimage.com/800x800.jpg/ff4444/ffffff
Harry Burton,http://dummyimage.com/800x800.png/cc0000/ffffff
Brandon Griffin,http://dummyimage.com/800x800.png/5fa2dd/ffffff
Carlos Boyd,http://dummyimage.com/800x800.bmp/5fa2dd/ffffff
Christina Powell,http://dummyimage.com/800x800.jpg/5fa2dd/ffffff
Anne Coleman,http://dummyimage.com/800x800.jpg/cc0000/ffffff
Marilyn King,http://dummyimage.com/800x800.bmp/dddddd/000000
Evelyn Daniels,http://dummyimage.com/800x800.png/cc0000/ffffff
Andrew Black,http://dummyimage.com/800x800.png/ff4444/ffffff
Ashley Montgomery,http://dummyimage.com/800x800.jpg/dddddd/000000
Karen Adams,http://dummyimage.com/800x800.jpg/dddddd/000000
Margaret Thompson,http://dummyimage.com/800x800.png/5fa2dd/ffffff
Lawrence Willis,http://dummyimage.com/800x800.jpg/ff4444/ffffff
Susan Howard,http://dummyimage.com/800x800.bmp/ff4444/ffffff
Eric Rodriguez,http://dummyimage.com/800x800.png/5fa2dd/ffffff
Annie Fernandez,http://dummyimage.com/800x800.bmp/5fa2dd/ffffff
Sarah Lewis,http://dummyimage.com/800x800.jpg/cc0000/ffffff
Bruce Watson,http://dummyimage.com/800x800.png/cc0000/ffffff
Sandra Clark,http://dummyimage.com/800x800.jpg/cc0000/ffffff
Lois Rivera,http://dummyimage.com/800x800.bmp/dddddd/000000
Charles Wallace,http://dummyimage.com/800x800.png/cc0000/ffffff
Raymond Mills,http://dummyimage.com/800x800.bmp/ff4444/ffffff
Kelly Nelson,http://dummyimage.com/800x800.png/cc0000/ffffff
Matthew Andrews,http://dummyimage.com/800x800.bmp/dddddd/000000
Barbara Torres,http://dummyimage.com/800x800.jpg/5fa2dd/ffffff
Russell Burke,http://dummyimage.com/800x800.png/5fa2dd/ffffff
Pamela Sims,http://dummyimage.com/800x800.bmp/cc0000/ffffff
Betty Burke,http://dummyimage.com/800x800.png/5fa2dd/ffffff
Brenda Wheeler,http://dummyimage.com/800x800.png/5fa2dd/ffffff
Carl Castillo,http://dummyimage.com/800x800.png/cc0000/ffffff
James Murray,http://dummyimage.com/800x800.bmp/dddddd/000000
Ashley Morales,http://dummyimage.com/800x800.png/5fa2dd/ffffff
Randy Davis,http://dummyimage.com/800x800.bmp/dddddd/000000
Mark Sullivan,http://dummyimage.com/800x800.png/dddddd/000000
Frances Snyder,http://dummyimage.com/800x800.bmp/dddddd/000000
Wayne Murphy,http://dummyimage.com/800x800.bmp/cc0000/ffffff
Andrea Wallace,http://dummyimage.com/800x800.jpg/5fa2dd/ffffff
Ashley Scott,http://dummyimage.com/800x800.png/dddddd/000000
Wanda Gonzales,http://dummyimage.com/800x800.jpg/dddddd/000000
Walter Myers,http://dummyimage.com/800x800.jpg/cc0000/ffffff
Alan Robinson,http://dummyimage.com/800x800.bmp/dddddd/000000
Ann Mccoy,http://dummyimage.com/800x800.png/5fa2dd/ffffff
Elizabeth Bailey,http://dummyimage.com/800x800.bmp/ff4444/ffffff
Melissa Webb,http://dummyimage.com/800x800.png/ff4444/ffffff
Doris Butler,http://dummyimage.com/800x800.png/ff4444/ffffff
Alan Roberts,http://dummyimage.com/800x800.png/5fa2dd/ffffff
Bobby Lee,http://dummyimage.com/800x800.png/cc0000/ffffff
Frances Lane,http://dummyimage.com/800x800.jpg/ff4444/ffffff
Craig Garza,http://dummyimage.com/800x800.bmp/5fa2dd/ffffff
Julia Johnson,http://dummyimage.com/800x800.png/dddddd/000000
Jean Edwards,http://dummyimage.com/800x800.jpg/dddddd/000000
Julie Cruz,http://dummyimage.com/800x800.bmp/5fa2dd/ffffff
Alan Austin,http://dummyimage.com/800x800.jpg/dddddd/000000
Judith Thompson,http://dummyimage.com/800x800.jpg/dddddd/000000
Angela Richards,http://dummyimage.com/800x800.jpg/dddddd/000000
Evelyn Ortiz,http://dummyimage.com/800x800.jpg/cc0000/ffffff
Christine Matthews,http://dummyimage.com/800x800.bmp/ff4444/ffffff
Joseph Ramos,http://dummyimage.com/800x800.png/cc0000/ffffff
Keith Mitchell,http://dummyimage.com/800x800.png/dddddd/000000
Jimmy Howell,http://dummyimage.com/800x800.bmp/dddddd/000000
Alice Stanley,http://dummyimage.com/800x800.png/5fa2dd/ffffff
Gregory Olson,http://dummyimage.com/800x800.png/5fa2dd/ffffff
Scott Edwards,http://dummyimage.com/800x800.png/5fa2dd/ffffff
Marilyn Payne,http://dummyimage.com/800x800.png/cc0000/ffffff
Thomas Hall,http://dummyimage.com/800x800.bmp/ff4444/ffffff
Kimberly Armstrong,http://dummyimage.com/800x800.jpg/ff4444/ffffff
Barbara Mitchell,http://dummyimage.com/800x800.png/cc0000/ffffff
Helen Morales,http://dummyimage.com/800x800.bmp/dddddd/000000
Irene Washington,http://dummyimage.com/800x800.jpg/ff4444/ffffff
Michelle Warren,http://dummyimage.com/800x800.jpg/cc0000/ffffff
Jerry Freeman,http://dummyimage.com/800x800.jpg/5fa2dd/ffffff
Louis Frazier,http://dummyimage.com/800x800.jpg/5fa2dd/ffffff
Deborah Robertson,http://dummyimage.com/800x800.png/dddddd/000000
Billy Griffin,http://dummyimage.com/800x800.jpg/cc0000/ffffff
Michael Hawkins,http://dummyimage.com/800x800.png/cc0000/ffffff
Mary Griffin,http://dummyimage.com/800x800.jpg/5fa2dd/ffffff
Angela Peterson,http://dummyimage.com/800x800.png/ff4444/ffffff
Julia Kelley,http://dummyimage.com/800x800.png/ff4444/ffffff
Jason Stevens,http://dummyimage.com/800x800.png/ff4444/ffffff
Christine Garcia,http://dummyimage.com/800x800.png/5fa2dd/ffffff
Larry Chavez,http://dummyimage.com/800x800.jpg/dddddd/000000
Sean Riley,http://dummyimage.com/800x800.bmp/ff4444/ffffff
Emily Stewart,http://dummyimage.com/800x800.jpg/ff4444/ffffff
Peter Warren,http://dummyimage.com/800x800.bmp/ff4444/ffffff
Thomas Porter,http://dummyimage.com/800x800.jpg/dddddd/000000
Ryan Scott,http://dummyimage.com/800x800.jpg/5fa2dd/ffffff
Charles Wallace,http://dummyimage.com/800x800.jpg/dddddd/000000
Christopher Freeman,http://dummyimage.com/800x800.png/5fa2dd/ffffff
Evelyn Wagner,http://dummyimage.com/800x800.bmp/cc0000/ffffff
Fred Cook,http://dummyimage.com/800x800.png/ff4444/ffffff
Andrew White,http://dummyimage.com/800x800.png/dddddd/000000
Andrea Ramos,http://dummyimage.com/800x800.png/cc0000/ffffff
Roy Ferguson,http://dummyimage.com/800x800.jpg/5fa2dd/ffffff
Chris Armstrong,http://dummyimage.com/800x800.bmp/ff4444/ffffff
Deborah Woods,http://dummyimage.com/800x800.jpg/cc0000/ffffff
Victor Parker,http://dummyimage.com/800x800.bmp/dddddd/000000
James Willis,http://dummyimage.com/800x800.jpg/5fa2dd/ffffff
Denise Johnston,http://dummyimage.com/800x800.jpg/ff4444/ffffff
Emily Hunt,http://dummyimage.com/800x800.jpg/ff4444/ffffff
Wanda Little,http://dummyimage.com/800x800.jpg/5fa2dd/ffffff
Dorothy Fox,http://dummyimage.com/800x800.png/dddddd/000000
Steve Hunter,http://dummyimage.com/800x800.png/cc0000/ffffff
Karen Cooper,http://dummyimage.com/800x800.png/5fa2dd/ffffff
Carolyn Fisher,http://dummyimage.com/800x800.jpg/dddddd/000000
Virginia Lawrence,http://dummyimage.com/800x800.bmp/5fa2dd/ffffff
Harry Bell,http://dummyimage.com/800x800.bmp/dddddd/000000
Paul Harrison,http://dummyimage.com/800x800.png/cc0000/ffffff
Linda Pierce,http://dummyimage.com/800x800.png/cc0000/ffffff
Jeremy Bennett,http://dummyimage.com/800x800.png/5fa2dd/ffffff
Stephen Boyd,http://dummyimage.com/800x800.jpg/ff4444/ffffff
Jacqueline Burke,http://dummyimage.com/800x800.png/5fa2dd/ffffff
Douglas Larson,http://dummyimage.com/800x800.jpg/dddddd/000000
Thomas Little,http://dummyimage.com/800x800.bmp/5fa2dd/ffffff
Howard Garcia,http://dummyimage.com/800x800.bmp/5fa2dd/ffffff
Bruce Butler,http://dummyimage.com/800x800.png/ff4444/ffffff
Henry Grant,http://dummyimage.com/800x800.bmp/dddddd/000000
Kevin Sullivan,http://dummyimage.com/800x800.png/cc0000/ffffff
Wayne Adams,http://dummyimage.com/800x800.bmp/5fa2dd/ffffff
Fred Martin,http://dummyimage.com/800x800.bmp/ff4444/ffffff
Diana Henry,http://dummyimage.com/800x800.jpg/5fa2dd/ffffff
Amanda Foster,http://dummyimage.com/800x800.bmp/cc0000/ffffff
Rose Shaw,http://dummyimage.com/800x800.jpg/cc0000/ffffff
Robin Reynolds,http://dummyimage.com/800x800.png/cc0000/ffffff
Mary Jackson,http://dummyimage.com/800x800.bmp/ff4444/ffffff
Richard Montgomery,http://dummyimage.com/800x800.bmp/ff4444/ffffff
Andrew Powell,http://dummyimage.com/800x800.bmp/ff4444/ffffff
Linda Lane,http://dummyimage.com/800x800.png/ff4444/ffffff
David Moore,http://dummyimage.com/800x800.jpg/5fa2dd/ffffff
David Barnes,http://dummyimage.com/800x800.bmp/ff4444/ffffff
Andrew Mills,http://dummyimage.com/800x800.bmp/5fa2dd/ffffff
Patrick Hanson,http://dummyimage.com/800x800.bmp/ff4444/ffffff
Rachel Reyes,http://dummyimage.com/800x800.jpg/dddddd/000000
Diana James,http://dummyimage.com/800x800.jpg/dddddd/000000
Joshua Coleman,http://dummyimage.com/800x800.jpg/cc0000/ffffff
Karen Moreno,http://dummyimage.com/800x800.jpg/ff4444/ffffff
Marilyn Armstrong,http://dummyimage.com/800x800.png/cc0000/ffffff
Frances Ramirez,http://dummyimage.com/800x800.png/cc0000/ffffff
Todd Wilson,http://dummyimage.com/800x800.bmp/ff4444/ffffff
Randy Jacobs,http://dummyimage.com/800x800.png/5fa2dd/ffffff
Wanda Morgan,http://dummyimage.com/800x800.bmp/5fa2dd/ffffff
Brandon Pierce,http://dummyimage.com/800x800.bmp/cc0000/ffffff
Wayne Burns,http://dummyimage.com/800x800.bmp/ff4444/ffffff
Matthew Stanley,http://dummyimage.com/800x800.png/ff4444/ffffff
Virginia Ross,http://dummyimage.com/800x800.jpg/ff4444/ffffff
Amanda Palmer,http://dummyimage.com/800x800.jpg/5fa2dd/ffffff
Howard Watson,http://dummyimage.com/800x800.jpg/dddddd/000000
Matthew Butler,http://dummyimage.com/800x800.png/cc0000/ffffff
Eric Ramos,http://dummyimage.com/800x800.bmp/ff4444/ffffff
Nicholas Lawson,http://dummyimage.com/800x800.png/5fa2dd/ffffff
Billy Freeman,http://dummyimage.com/800x800.png/ff4444/ffffff
Charles Ross,http://dummyimage.com/800x800.bmp/cc0000/ffffff
Ryan Garrett,http://dummyimage.com/800x800.jpg/cc0000/ffffff
Beverly Fowler,http://dummyimage.com/800x800.bmp/5fa2dd/ffffff
Eric Mendoza,http://dummyimage.com/800x800.jpg/dddddd/000000
Jeremy Ramos,http://dummyimage.com/800x800.png/dddddd/000000
Gloria Webb,http://dummyimage.com/800x800.jpg/cc0000/ffffff
Harry Baker,http://dummyimage.com/800x800.png/cc0000/ffffff
Kevin Kim,http://dummyimage.com/800x800.jpg/cc0000/ffffff
Christine Robinson,http://dummyimage.com/800x800.png/dddddd/000000
Joshua Hughes,http://dummyimage.com/800x800.png/ff4444/ffffff
Cheryl Stone,http://dummyimage.com/800x800.jpg/dddddd/000000
George Olson,http://dummyimage.com/800x800.jpg/dddddd/000000
Phillip Hudson,http://dummyimage.com/800x800.jpg/dddddd/000000
Todd Graham,http://dummyimage.com/800x800.jpg/5fa2dd/ffffff
Jean Porter,http://dummyimage.com/800x800.png/5fa2dd/ffffff
Jesse Rodriguez,http://dummyimage.com/800x800.png/cc0000/ffffff
Justin Elliott,http://dummyimage.com/800x800.bmp/dddddd/000000
Benjamin Snyder,http://dummyimage.com/800x800.jpg/5fa2dd/ffffff
Randy Perry,http://dummyimage.com/800x800.png/ff4444/ffffff
Scott Mills,http://dummyimage.com/800x800.jpg/5fa2dd/ffffff
Teresa Olson,http://dummyimage.com/800x800.jpg/cc0000/ffffff
Cynthia Gonzalez,http://dummyimage.com/800x800.bmp/dddddd/000000
Samuel Robinson,http://dummyimage.com/800x800.bmp/ff4444/ffffff
Robert Grant,http://dummyimage.com/800x800.bmp/dddddd/000000
Sharon Kennedy,http://dummyimage.com/800x800.png/cc0000/ffffff
Shirley Washington,http://dummyimage.com/800x800.jpg/cc0000/ffffff
Jeffrey Green,http://dummyimage.com/800x800.png/cc0000/ffffff
Billy Adams,http://dummyimage.com/800x800.jpg/ff4444/ffffff
Jerry Morris,http://dummyimage.com/800x800.jpg/5fa2dd/ffffff
John Kelley,http://dummyimage.com/800x800.bmp/dddddd/000000
Mary Hall,http://dummyimage.com/800x800.jpg/5fa2dd/ffffff
Marie Diaz,http://dummyimage.com/800x800.jpg/dddddd/000000
Ruby Harrison,http://dummyimage.com/800x800.png/cc0000/ffffff
Diana Martinez,http://dummyimage.com/800x800.png/dddddd/000000
Thomas Harris,http://dummyimage.com/800x800.bmp/dddddd/000000
Helen Hunter,http://dummyimage.com/800x800.bmp/cc0000/ffffff
Ronald Hill,http://dummyimage.com/800x800.jpg/ff4444/ffffff
Willie Daniels,http://dummyimage.com/800x800.bmp/5fa2dd/ffffff
Ruby Black,http://dummyimage.com/800x800.bmp/5fa2dd/ffffff
Mark Peterson,http://dummyimage.com/800x800.png/dddddd/000000
Kathy Gonzalez,http://dummyimage.com/800x800.png/cc0000/ffffff
Susan Hunt,http://dummyimage.com/800x800.png/5fa2dd/ffffff
Ruby Moore,http://dummyimage.com/800x800.png/cc0000/ffffff
Janet Rodriguez,http://dummyimage.com/800x800.png/dddddd/000000
Louise Griffin,http://dummyimage.com/800x800.jpg/ff4444/ffffff
Billy Lawson,http://dummyimage.com/800x800.png/5fa2dd/ffffff
Robert Franklin,http://dummyimage.com/800x800.bmp/cc0000/ffffff
Charles Kim,http://dummyimage.com/800x800.bmp/cc0000/ffffff
Margaret Spencer,http://dummyimage.com/800x800.bmp/ff4444/ffffff
Carolyn Reed,http://dummyimage.com/800x800.png/dddddd/000000
Kenneth Sims,http://dummyimage.com/800x800.png/cc0000/ffffff
Roger Harris,http://dummyimage.com/800x800.bmp/cc0000/ffffff
Dorothy Robinson,http://dummyimage.com/800x800.bmp/cc0000/ffffff
Virginia Palmer,http://dummyimage.com/800x800.bmp/5fa2dd/ffffff
Harold Lopez,http://dummyimage.com/800x800.png/ff4444/ffffff
Harold Kelley,http://dummyimage.com/800x800.png/dddddd/000000
Jose Torres,http://dummyimage.com/800x800.jpg/dddddd/000000
Amy Davis,http://dummyimage.com/800x800.jpg/5fa2dd/ffffff
Paul Elliott,http://dummyimage.com/800x800.png/5fa2dd/ffffff
Robin Parker,http://dummyimage.com/800x800.bmp/dddddd/000000
Raymond Torres,http://dummyimage.com/800x800.png/dddddd/000000
Nicholas Elliott,http://dummyimage.com/800x800.bmp/dddddd/000000
Denise Wagner,http://dummyimage.com/800x800.jpg/dddddd/000000
Justin Carter,http://dummyimage.com/800x800.jpg/ff4444/ffffff
Gloria Hall,http://dummyimage.com/800x800.bmp/dddddd/000000
Marie Matthews,http://dummyimage.com/800x800.png/dddddd/000000
Patricia Ray,http://dummyimage.com/800x800.bmp/ff4444/ffffff
Benjamin Stanley,http://dummyimage.com/800x800.jpg/5fa2dd/ffffff
Carol Wagner,http://dummyimage.com/800x800.png/ff4444/ffffff
Kevin Hicks,http://dummyimage.com/800x800.png/dddddd/000000
Debra Fuller,http://dummyimage.com/800x800.bmp/5fa2dd/ffffff
Harry Lane,http://dummyimage.com/800x800.jpg/dddddd/000000
Victor Woods,http://dummyimage.com/800x800.png/5fa2dd/ffffff
Laura Barnes,http://dummyimage.com/800x800.png/dddddd/000000
Antonio Campbell,http://dummyimage.com/800x800.jpg/cc0000/ffffff
Scott Hawkins,http://dummyimage.com/800x800.bmp/ff4444/ffffff
Philip Stanley,http://dummyimage.com/800x800.bmp/cc0000/ffffff
Christopher Jacobs,http://dummyimage.com/800x800.bmp/dddddd/000000
Kathy Ferguson,http://dummyimage.com/800x800.bmp/cc0000/ffffff
Jason Fernandez,http://dummyimage.com/800x800.jpg/5fa2dd/ffffff
Lawrence Marshall,http://dummyimage.com/800x800.jpg/dddddd/000000
Susan Dunn,http://dummyimage.com/800x800.bmp/ff4444/ffffff
Shirley Morales,http://dummyimage.com/800x800.png/dddddd/000000
Janet Smith,http://dummyimage.com/800x800.jpg/5fa2dd/ffffff
Philip Lawrence,http://dummyimage.com/800x800.bmp/dddddd/000000
Patricia Rice,http://dummyimage.com/800x800.png/5fa2dd/ffffff
Paula Berry,http://dummyimage.com/800x800.png/5fa2dd/ffffff
Lawrence Bradley,http://dummyimage.com/800x800.png/ff4444/ffffff
Johnny Rodriguez,http://dummyimage.com/800x800.jpg/dddddd/000000
Patrick Sims,http://dummyimage.com/800x800.jpg/5fa2dd/ffffff
Anna Day,http://dummyimage.com/800x800.bmp/5fa2dd/ffffff
Nicholas Rice,http://dummyimage.com/800x800.png/ff4444/ffffff
Debra Turner,http://dummyimage.com/800x800.bmp/ff4444/ffffff
Arthur Jackson,http://dummyimage.com/800x800.bmp/dddddd/000000
Joe Smith,http://dummyimage.com/800x800.bmp/ff4444/ffffff
Laura Jacobs,http://dummyimage.com/800x800.jpg/cc0000/ffffff
Jeffrey Miller,http://dummyimage.com/800x800.bmp/dddddd/000000
Willie Oliver,http://dummyimage.com/800x800.png/dddddd/000000
Donald Elliott,http://dummyimage.com/800x800.jpg/cc0000/ffffff
Phillip Moreno,http://dummyimage.com/800x800.jpg/cc0000/ffffff
Maria Hawkins,http://dummyimage.com/800x800.bmp/ff4444/ffffff
Joe Olson,http://dummyimage.com/800x800.jpg/5fa2dd/ffffff
Shirley Jacobs,http://dummyimage.com/800x800.jpg/ff4444/ffffff
Johnny Hudson,http://dummyimage.com/800x800.jpg/dddddd/000000
Carl Davis,http://dummyimage.com/800x800.jpg/5fa2dd/ffffff
Harry Jenkins,http://dummyimage.com/800x800.jpg/ff4444/ffffff
Ryan Jacobs,http://dummyimage.com/800x800.jpg/cc0000/ffffff
Jason Jordan,http://dummyimage.com/800x800.png/dddddd/000000
Judith Fernandez,http://dummyimage.com/800x800.png/5fa2dd/ffffff
Ashley Ross,http://dummyimage.com/800x800.png/ff4444/ffffff
Charles Hanson,http://dummyimage.com/800x800.bmp/ff4444/ffffff
Deborah Hughes,http://dummyimage.com/800x800.bmp/5fa2dd/ffffff
Fred Harvey,http://dummyimage.com/800x800.bmp/5fa2dd/ffffff
Denise Turner,http://dummyimage.com/800x800.jpg/5fa2dd/ffffff
Lisa Martinez,http://dummyimage.com/800x800.jpg/ff4444/ffffff
Martha Jackson,http://dummyimage.com/800x800.bmp/ff4444/ffffff
Carl Ray,http://dummyimage.com/800x800.bmp/ff4444/ffffff
Irene Hansen,http://dummyimage.com/800x800.png/dddddd/000000
Carolyn Bishop,http://dummyimage.com/800x800.bmp/ff4444/ffffff
Pamela Freeman,http://dummyimage.com/800x800.bmp/5fa2dd/ffffff
Rebecca Frazier,http://dummyimage.com/800x800.png/5fa2dd/ffffff
Gerald Harvey,http://dummyimage.com/800x800.jpg/5fa2dd/ffffff
James Thompson,http://dummyimage.com/800x800.png/5fa2dd/ffffff
Alan Johnson,http://dummyimage.com/800x800.png/cc0000/ffffff
Andrew Alvarez,http://dummyimage.com/800x800.jpg/dddddd/000000
Laura Dean,http://dummyimage.com/800x800.bmp/5fa2dd/ffffff
Joyce Wheeler,http://dummyimage.com/800x800.bmp/cc0000/ffffff
Edward Garza,http://dummyimage.com/800x800.bmp/dddddd/000000
Robert Hart,http://dummyimage.com/800x800.jpg/ff4444/ffffff
Kathleen Sullivan,http://dummyimage.com/800x800.png/ff4444/ffffff
Randy Hudson,http://dummyimage.com/800x800.bmp/dddddd/000000
Debra Rodriguez,http://dummyimage.com/800x800.png/5fa2dd/ffffff
Edward Lee,http://dummyimage.com/800x800.bmp/5fa2dd/ffffff
Christina Peterson,http://dummyimage.com/800x800.png/ff4444/ffffff
Carl Grant,http://dummyimage.com/800x800.jpg/cc0000/ffffff
Joshua Cox,http://dummyimage.com/800x800.jpg/dddddd/000000
Victor Morales,http://dummyimage.com/800x800.bmp/5fa2dd/ffffff
Robert Wilson,http://dummyimage.com/800x800.png/cc0000/ffffff
Denise Griffin,http://dummyimage.com/800x800.bmp/ff4444/ffffff
Doris Davis,http://dummyimage.com/800x800.png/dddddd/000000
Bobby Rice,http://dummyimage.com/800x800.bmp/ff4444/ffffff
Jesse Stone,http://dummyimage.com/800x800.jpg/cc0000/ffffff
Frank Knight,http://dummyimage.com/800x800.jpg/ff4444/ffffff
Richard Patterson,http://dummyimage.com/800x800.jpg/cc0000/ffffff
Peter Rodriguez,http://dummyimage.com/800x800.bmp/dddddd/000000
Paula Fox,http://dummyimage.com/800x800.png/dddddd/000000
Jeremy Ward,http://dummyimage.com/800x800.jpg/cc0000/ffffff
Jean Perez,http://dummyimage.com/800x800.png/ff4444/ffffff
Jesse Baker,http://dummyimage.com/800x800.png/dddddd/000000
Julia Hunter,http://dummyimage.com/800x800.png/5fa2dd/ffffff
Theresa Gray,http://dummyimage.com/800x800.jpg/cc0000/ffffff
Katherine Ruiz,http://dummyimage.com/800x800.bmp/5fa2dd/ffffff
Rachel Nguyen,http://dummyimage.com/800x800.jpg/cc0000/ffffff
Lori Elliott,http://dummyimage.com/800x800.jpg/ff4444/ffffff
Julia Lawson,http://dummyimage.com/800x800.png/5fa2dd/ffffff
Matthew Ray,http://dummyimage.com/800x800.jpg/cc0000/ffffff
Annie Bennett,http://dummyimage.com/800x800.bmp/5fa2dd/ffffff
Gerald Alexander,http://dummyimage.com/800x800.png/cc0000/ffffff
Peter Gray,http://dummyimage.com/800x800.png/dddddd/000000
Scott Frazier,http://dummyimage.com/800x800.bmp/dddddd/000000
Thomas Mason,http://dummyimage.com/800x800.bmp/5fa2dd/ffffff
Beverly Franklin,http://dummyimage.com/800x800.png/dddddd/000000
Melissa Morris,http://dummyimage.com/800x800.jpg/ff4444/ffffff
Eugene Dixon,http://dummyimage.com/800x800.bmp/cc0000/ffffff
Robert Dixon,http://dummyimage.com/800x800.png/dddddd/000000
Phillip Webb,http://dummyimage.com/800x800.jpg/5fa2dd/ffffff
Roger Gibson,http://dummyimage.com/800x800.bmp/dddddd/000000
Martin Barnes,http://dummyimage.com/800x800.png/dddddd/000000
Jerry Gilbert,http://dummyimage.com/800x800.bmp/ff4444/ffffff
Justin Stewart,http://dummyimage.com/800x800.jpg/cc0000/ffffff
Betty Austin,http://dummyimage.com/800x800.jpg/ff4444/ffffff
Rachel Austin,http://dummyimage.com/800x800.png/cc0000/ffffff
Karen Price,http://dummyimage.com/800x800.png/ff4444/ffffff
Janice Hanson,http://dummyimage.com/800x800.bmp/5fa2dd/ffffff
Dennis Mcdonald,http://dummyimage.com/800x800.bmp/ff4444/ffffff
Janet Carroll,http://dummyimage.com/800x800.jpg/5fa2dd/ffffff
Johnny Stone,http://dummyimage.com/800x800.bmp/cc0000/ffffff
Jeffrey Gomez,http://dummyimage.com/800x800.png/ff4444/ffffff
Linda Snyder,http://dummyimage.com/800x800.jpg/ff4444/ffffff
Thomas Parker,http://dummyimage.com/800x800.jpg/5fa2dd/ffffff
Jose Price,http://dummyimage.com/800x800.png/ff4444/ffffff
Laura Powell,http://dummyimage.com/800x800.jpg/dddddd/000000
Roy Burns,http://dummyimage.com/800x800.png/5fa2dd/ffffff
Louise Wheeler,http://dummyimage.com/800x800.bmp/cc0000/ffffff
Fred Daniels,http://dummyimage.com/800x800.bmp/ff4444/ffffff
Albert Hudson,http://dummyimage.com/800x800.png/ff4444/ffffff
Rebecca Hayes,http://dummyimage.com/800x800.jpg/5fa2dd/ffffff
Keith Henderson,http://dummyimage.com/800x800.bmp/cc0000/ffffff
Ruby Reyes,http://dummyimage.com/800x800.jpg/dddddd/000000
Cynthia Gilbert,http://dummyimage.com/800x800.bmp/dddddd/000000
Kenneth Reid,http://dummyimage.com/800x800.bmp/cc0000/ffffff
Ann Castillo,http://dummyimage.com/800x800.png/cc0000/ffffff
Jeremy Armstrong,http://dummyimage.com/800x800.png/cc0000/ffffff
Annie Simpson,http://dummyimage.com/800x800.bmp/ff4444/ffffff
Kimberly Mitchell,http://dummyimage.com/800x800.jpg/5fa2dd/ffffff
Steve Simpson,http://dummyimage.com/800x800.bmp/5fa2dd/ffffff
Ryan White,http://dummyimage.com/800x800.bmp/cc0000/ffffff
Gary Simmons,http://dummyimage.com/800x800.bmp/ff4444/ffffff
Brian Rogers,http://dummyimage.com/800x800.jpg/5fa2dd/ffffff
Wanda Bowman,http://dummyimage.com/800x800.bmp/dddddd/000000
Jennifer Lawson,http://dummyimage.com/800x800.jpg/cc0000/ffffff
Wanda Carroll,http://dummyimage.com/800x800.png/dddddd/000000
Kimberly Thompson,http://dummyimage.com/800x800.jpg/cc0000/ffffff
Lisa Brooks,http://dummyimage.com/800x800.bmp/cc0000/ffffff
Martha Murphy,http://dummyimage.com/800x800.png/dddddd/000000
Jose Wells,http://dummyimage.com/800x800.png/cc0000/ffffff
Bonnie Moreno,http://dummyimage.com/800x800.jpg/5fa2dd/ffffff
Marilyn Martinez,http://dummyimage.com/800x800.bmp/dddddd/000000
Paul Woods,http://dummyimage.com/800x800.png/dddddd/000000
Mary Reed,http://dummyimage.com/800x800.png/5fa2dd/ffffff
Christine Hicks,http://dummyimage.com/800x800.bmp/cc0000/ffffff
Donald Peterson,http://dummyimage.com/800x800.bmp/ff4444/ffffff
Mildred Perkins,http://dummyimage.com/800x800.bmp/5fa2dd/ffffff
John Reed,http://dummyimage.com/800x800.bmp/ff4444/ffffff
Fred Kelly,http://dummyimage.com/800x800.jpg/5fa2dd/ffffff
Maria Price,http://dummyimage.com/800x800.png/cc0000/ffffff
Joan Peterson,http://dummyimage.com/800x800.bmp/ff4444/ffffff
Ryan Fox,http://dummyimage.com/800x800.jpg/ff4444/ffffff
Donald Williams,http://dummyimage.com/800x800.jpg/cc0000/ffffff
Melissa Gomez,http://dummyimage.com/800x800.jpg/dddddd/000000
Christina Gonzales,http://dummyimage.com/800x800.jpg/5fa2dd/ffffff
Douglas Hughes,http://dummyimage.com/800x800.bmp/ff4444/ffffff
Jerry Stewart,http://dummyimage.com/800x800.bmp/5fa2dd/ffffff
Andrew Hall,http://dummyimage.com/800x800.bmp/ff4444/ffffff
Gregory Nelson,http://dummyimage.com/800x800.png/dddddd/000000
Frank Baker,http://dummyimage.com/800x800.png/dddddd/000000
Evelyn Castillo,http://dummyimage.com/800x800.jpg/5fa2dd/ffffff
Alan Simmons,http://dummyimage.com/800x800.jpg/ff4444/ffffff
Kathleen Dixon,http://dummyimage.com/800x800.png/ff4444/ffffff
Melissa Murphy,http://dummyimage.com/800x800.png/cc0000/ffffff
Earl Torres,http://dummyimage.com/800x800.bmp/dddddd/000000
Lillian King,http://dummyimage.com/800x800.bmp/dddddd/000000
Joan Fisher,http://dummyimage.com/800x800.jpg/5fa2dd/ffffff
Lori Ruiz,http://dummyimage.com/800x800.png/5fa2dd/ffffff
Kelly Black,http://dummyimage.com/800x800.jpg/cc0000/ffffff
Gregory Lewis,http://dummyimage.com/800x800.bmp/dddddd/000000
Ernest Bradley,http://dummyimage.com/800x800.png/cc0000/ffffff
Kathryn Daniels,http://dummyimage.com/800x800.png/ff4444/ffffff
Lois Banks,http://dummyimage.com/800x800.jpg/cc0000/ffffff
William Alexander,http://dummyimage.com/800x800.jpg/ff4444/ffffff
Emily Watson,http://dummyimage.com/800x800.png/ff4444/ffffff
Nicholas Meyer,http://dummyimage.com/800x800.png/dddddd/000000
Ryan Myers,http://dummyimage.com/800x800.png/5fa2dd/ffffff
Timothy Lopez,http://dummyimage.com/800x800.png/cc0000/ffffff
Steve Pierce,http://dummyimage.com/800x800.jpg/ff4444/ffffff
David Bradley,http://dummyimage.com/800x800.png/5fa2dd/ffffff
Chris Jenkins,http://dummyimage.com/800x800.jpg/dddddd/000000
Joshua Reed,http://dummyimage.com/800x800.bmp/ff4444/ffffff
Catherine Lane,http://dummyimage.com/800x800.png/ff4444/ffffff
Margaret Bailey,http://dummyimage.com/800x800.jpg/dddddd/000000
Ernest Garcia,http://dummyimage.com/800x800.png/cc0000/ffffff
Susan Wright,http://dummyimage.com/800x800.jpg/cc0000/ffffff
Tina Rivera,http://dummyimage.com/800x800.jpg/5fa2dd/ffffff
Ashley Greene,http://dummyimage.com/800x800.bmp/5fa2dd/ffffff
Deborah Jackson,http://dummyimage.com/800x800.jpg/ff4444/ffffff
Douglas Davis,http://dummyimage.com/800x800.bmp/cc0000/ffffff
Kimberly Garza,http://dummyimage.com/800x800.jpg/5fa2dd/ffffff
Bruce Carpenter,http://dummyimage.com/800x800.png/cc0000/ffffff
Brian Fowler,http://dummyimage.com/800x800.jpg/cc0000/ffffff
William White,http://dummyimage.com/800x800.jpg/5fa2dd/ffffff
Frank Wallace,http://dummyimage.com/800x800.bmp/ff4444/ffffff
Harold Ferguson,http://dummyimage.com/800x800.png/dddddd/000000
Ruth Berry,http://dummyimage.com/800x800.jpg/dddddd/000000
Lawrence Taylor,http://dummyimage.com/800x800.bmp/cc0000/ffffff
Jennifer Hawkins,http://dummyimage.com/800x800.png/dddddd/000000
Elizabeth Lee,http://dummyimage.com/800x800.bmp/cc0000/ffffff
Amy Butler,http://dummyimage.com/800x800.bmp/ff4444/ffffff
Gerald Duncan,http://dummyimage.com/800x800.png/dddddd/000000
Fred Lynch,http://dummyimage.com/800x800.jpg/cc0000/ffffff
Rose Chapman,http://dummyimage.com/800x800.png/5fa2dd/ffffff
Fred Lane,http://dummyimage.com/800x800.bmp/ff4444/ffffff
Joe Campbell,http://dummyimage.com/800x800.png/5fa2dd/ffffff
Nicholas Lawson,http://dummyimage.com/800x800.jpg/dddddd/000000
Laura Clark,http://dummyimage.com/800x800.png/cc0000/ffffff
Paula Crawford,http://dummyimage.com/800x800.bmp/5fa2dd/ffffff
George Sanders,http://dummyimage.com/800x800.jpg/cc0000/ffffff
Wanda Ortiz,http://dummyimage.com/800x800.bmp/dddddd/000000
Jean Ross,http://dummyimage.com/800x800.jpg/dddddd/000000
Patricia Lane,http://dummyimage.com/800x800.bmp/5fa2dd/ffffff
Jesse Jordan,http://dummyimage.com/800x800.jpg/cc0000/ffffff
Alice Garcia,http://dummyimage.com/800x800.jpg/dddddd/000000
Donald Warren,http://dummyimage.com/800x800.jpg/ff4444/ffffff
Angela Bennett,http://dummyimage.com/800x800.jpg/ff4444/ffffff
Judy Knight,http://dummyimage.com/800x800.bmp/ff4444/ffffff
Anne Rodriguez,http://dummyimage.com/800x800.bmp/dddddd/000000
Julie Tucker,http://dummyimage.com/800x800.jpg/cc0000/ffffff
Benjamin Hill,http://dummyimage.com/800x800.bmp/ff4444/ffffff
Cheryl Carpenter,http://dummyimage.com/800x800.png/5fa2dd/ffffff
Carl Evans,http://dummyimage.com/800x800.png/ff4444/ffffff
Russell Spencer,http://dummyimage.com/800x800.png/ff4444/ffffff
Arthur Webb,http://dummyimage.com/800x800.bmp/cc0000/ffffff
Willie Franklin,http://dummyimage.com/800x800.bmp/dddddd/000000
Carolyn Diaz,http://dummyimage.com/800x800.jpg/ff4444/ffffff
Sharon Mccoy,http://dummyimage.com/800x800.jpg/cc0000/ffffff
Richard Cruz,http://dummyimage.com/800x800.jpg/ff4444/ffffff
Sara Andrews,http://dummyimage.com/800x800.png/cc0000/ffffff
Larry Wright,http://dummyimage.com/800x800.bmp/cc0000/ffffff
Adam Jones,http://dummyimage.com/800x800.jpg/cc0000/ffffff
Sean Cole,http://dummyimage.com/800x800.png/5fa2dd/ffffff
Charles Hill,http://dummyimage.com/800x800.jpg/dddddd/000000
Jack Dean,http://dummyimage.com/800x800.png/5fa2dd/ffffff
Michael Cruz,http://dummyimage.com/800x800.jpg/dddddd/000000
Janet Edwards,http://dummyimage.com/800x800.png/ff4444/ffffff
Robert Jordan,http://dummyimage.com/800x800.bmp/ff4444/ffffff
Jacqueline Wright,http://dummyimage.com/800x800.bmp/5fa2dd/ffffff
Nicole Hart,http://dummyimage.com/800x800.bmp/cc0000/ffffff
Craig Burke,http://dummyimage.com/800x800.bmp/5fa2dd/ffffff
Janet Gonzalez,http://dummyimage.com/800x800.png/cc0000/ffffff
Bobby Butler,http://dummyimage.com/800x800.bmp/dddddd/000000
Carl Hanson,http://dummyimage.com/800x800.png/cc0000/ffffff
Jeffrey Chavez,http://dummyimage.com/800x800.bmp/cc0000/ffffff
Russell Hicks,http://dummyimage.com/800x800.jpg/5fa2dd/ffffff
Lisa Cruz,http://dummyimage.com/800x800.png/cc0000/ffffff
Ashley Wells,http://dummyimage.com/800x800.bmp/cc0000/ffffff
Carol Howell,http://dummyimage.com/800x800.png/ff4444/ffffff
Donald Spencer,http://dummyimage.com/800x800.jpg/ff4444/ffffff
Juan Evans,http://dummyimage.com/800x800.png/cc0000/ffffff
Douglas Owens,http://dummyimage.com/800x800.bmp/5fa2dd/ffffff
Elizabeth Johnson,http://dummyimage.com/800x800.bmp/dddddd/000000
Emily Fernandez,http://dummyimage.com/800x800.png/dddddd/000000
Cheryl Fowler,http://dummyimage.com/800x800.bmp/cc0000/ffffff
Janet Knight,http://dummyimage.com/800x800.bmp/5fa2dd/ffffff
Keith Hawkins,http://dummyimage.com/800x800.bmp/ff4444/ffffff
Heather Stanley,http://dummyimage.com/800x800.bmp/5fa2dd/ffffff
Robert Willis,http://dummyimage.com/800x800.bmp/cc0000/ffffff
Linda Hill,http://dummyimage.com/800x800.jpg/dddddd/000000
Paula Perkins,http://dummyimage.com/800x800.png/dddddd/000000
Thomas Taylor,http://dummyimage.com/800x800.jpg/cc0000/ffffff
Nicole Fields,http://dummyimage.com/800x800.jpg/cc0000/ffffff
Joshua Bailey,http://dummyimage.com/800x800.bmp/5fa2dd/ffffff
Douglas Richardson,http://dummyimage.com/800x800.bmp/dddddd/000000
Nicole Martin,http://dummyimage.com/800x800.jpg/ff4444/ffffff
Howard Ford,http://dummyimage.com/800x800.jpg/dddddd/000000
John Armstrong,http://dummyimage.com/800x800.bmp/dddddd/000000
Jack Mccoy,http://dummyimage.com/800x800.bmp/cc0000/ffffff
Rachel Phillips,http://dummyimage.com/800x800.png/5fa2dd/ffffff
Helen Harris,http://dummyimage.com/800x800.jpg/cc0000/ffffff
Arthur Watson,http://dummyimage.com/800x800.bmp/5fa2dd/ffffff
Julia Davis,http://dummyimage.com/800x800.bmp/cc0000/ffffff
Lawrence Morales,http://dummyimage.com/800x800.jpg/5fa2dd/ffffff
Henry Snyder,http://dummyimage.com/800x800.png/dddddd/000000
Albert Lopez,http://dummyimage.com/800x800.jpg/ff4444/ffffff
Walter Vasquez,http://dummyimage.com/800x800.jpg/ff4444/ffffff
Walter Burton,http://dummyimage.com/800x800.bmp/5fa2dd/ffffff
Jacqueline Wallace,http://dummyimage.com/800x800.jpg/cc0000/ffffff
Gloria Kim,http://dummyimage.com/800x800.jpg/5fa2dd/ffffff
Denise Day,http://dummyimage.com/800x800.jpg/dddddd/000000
Jean Martinez,http://dummyimage.com/800x800.jpg/cc0000/ffffff
Scott Porter,http://dummyimage.com/800x800.bmp/ff4444/ffffff
Walter Fowler,http://dummyimage.com/800x800.png/cc0000/ffffff
Billy Riley,http://dummyimage.com/800x800.bmp/dddddd/000000
Shirley Johnson,http://dummyimage.com/800x800.bmp/5fa2dd/ffffff
Keith James,http://dummyimage.com/800x800.png/5fa2dd/ffffff
Shirley Watkins,http://dummyimage.com/800x800.png/cc0000/ffffff
Bobby Boyd,http://dummyimage.com/800x800.png/dddddd/000000
Lois Warren,http://dummyimage.com/800x800.bmp/cc0000/ffffff
Catherine Montgomery,http://dummyimage.com/800x800.png/cc0000/ffffff
Carlos Carr,http://dummyimage.com/800x800.png/5fa2dd/ffffff
Joseph Adams,http://dummyimage.com/800x800.png/dddddd/000000
Matthew Long,http://dummyimage.com/800x800.jpg/cc0000/ffffff
Evelyn Day,http://dummyimage.com/800x800.bmp/cc0000/ffffff
Johnny Burke,http://dummyimage.com/800x800.jpg/dddddd/000000
Melissa Andrews,http://dummyimage.com/800x800.bmp/5fa2dd/ffffff
Maria Ruiz,http://dummyimage.com/800x800.bmp/dddddd/000000
Helen Nguyen,http://dummyimage.com/800x800.jpg/dddddd/000000
Willie Frazier,http://dummyimage.com/800x800.png/cc0000/ffffff
Carl Brooks,http://dummyimage.com/800x800.jpg/5fa2dd/ffffff
Judith Nguyen,http://dummyimage.com/800x800.bmp/5fa2dd/ffffff
Dorothy Hunter,http://dummyimage.com/800x800.bmp/5fa2dd/ffffff
Martha Ross,http://dummyimage.com/800x800.jpg/dddddd/000000
Adam Nguyen,http://dummyimage.com/800x800.jpg/cc0000/ffffff
Marilyn Rivera,http://dummyimage.com/800x800.jpg/cc0000/ffffff
Amy Dunn,http://dummyimage.com/800x800.jpg/5fa2dd/ffffff
Douglas Nichols,http://dummyimage.com/800x800.png/cc0000/ffffff
Gregory Lewis,http://dummyimage.com/800x800.png/dddddd/000000
Joseph Holmes,http://dummyimage.com/800x800.png/cc0000/ffffff
Janet Parker,http://dummyimage.com/800x800.bmp/cc0000/ffffff
Eugene Perez,http://dummyimage.com/800x800.bmp/dddddd/000000
